Time,V1,V2,V3,V4,V5,V6,V7,V8,V9,V10,V11,V12,V13,V14,V15,V16,V17,V18,V19,V20,V21,V22,V23,V24,V25,V26,V27,V28,Amount,Class
156091.0,2.04771581189678,-0.0794438244280749,-1.07085034758426,0.425282810140019,-0.163511102641864,-1.21866746602401,0.188284526964871,-0.33229949196003,0.553831823551077,0.0726044158113705,-0.748538826112541,0.393531183452128,-0.0270925246517849,0.295664644027927,0.0502309423063486,-0.102588276397569,-0.279422980357065,-0.859923849614681,0.141081243039144,-0.215868026023446,-0.285366254365142,-0.708687443394375,0.336066579579385,0.0441916618809708,-0.305289886644042,0.194919800427978,-0.0726748349458483,-0.0587889113418281,8.99,0
117871.0,2.07010534188527,-0.0622297383881184,-1.25823631320345,0.378562653096466,-0.144414608078883,-1.35587584570289,0.1628533640698,-0.353262058671912,0.732800955865528,0.0307030233627304,-0.802091291974895,-0.041431342754603,-0.565770684736958,0.585681153251469,0.844544582606748,-0.152116254517421,-0.480918204402989,0.0533616539765469,-0.253929863420468,-0.286789108784902,0.25237520396078,0.868956488927223,0.0091768592577437,0.0669764949441944,0.231108914461009,-0.102208196962812,-0.0202617618768108,-0.0588754963233194,1.0,0
134275.0,2.00826095410817,0.147239894760733,-1.74365115486472,1.18584897336489,0.658762128927594,-0.600166330922984,0.523581418325337,-0.236817148964845,-0.0017471947078522,0.431887598560225,0.336775299034365,0.779057363503883,-0.469919704525741,0.745416044172356,-1.1684943767803,-0.417263182750136,-0.511330532434956,-0.0108765446816113,0.216627030695861,-0.284394674344276,0.0749116423679188,0.396038064716753,-0.0637657117218979,-0.46565490929271,0.473650243839372,-0.481849042878619,-0.020788239310859,-0.0761671948903622,11.42,0
84204.0,-1.92745281973369,1.82762056700016,-7.01949468454197,5.34830323951426,-2.73918788004738,-2.10721929638307,-5.01584797563431,1.20586815982046,-4.38271250852199,-8.33770697381781,7.19030608944843,-9.42484446049178,-0.223292646427513,-12.8754942229841,-0.071918160688794,-6.2999613976222,-12.719207160428,-3.74017615583058,0.844059610296466,2.17270905626492,1.37693832294098,-0.792016725563067,-0.771414187530036,-0.379574271539528,0.718716522008066,1.11115125599517,1.27770725705846,0.819081152045361,512.25,1
25254.0,-17.2751911945397,10.8196653713117,-20.3638859739149,6.04661174671427,-13.4650333517322,-4.16664724489873,-14.4094479851747,11.5807967244857,-4.07385571204177,-9.15336803834587,6.21088301172371,-8.77857203246194,-0.0613674966661798,-9.57466229922106,0.0492885399107771,-7.41848727872681,-14.1027718764864,-5.01642333521081,1.39031436050276,1.54497046707519,1.7298040916597,-1.20809608165502,-0.726839224163999,0.112539673508366,1.11919347248491,-0.233188990129274,1.68406299250578,0.503739738280361,99.99,1
63809.0,-0.834014016895027,1.78366825107165,1.17939446058285,2.25162253068514,-0.233663421515593,-0.25858231479921,0.689494921854909,0.201409789582005,-1.58913747782608,0.381647697366847,-0.631436442478284,0.20090086098264,0.937336037366217,0.343245114557414,0.435903489440168,0.377935909182592,-0.264764232416712,-0.28369862093103,-0.114859976438196,-0.135629837786808,0.0077786498301569,-0.176080041989194,0.0808406172270023,0.382034887503498,-0.562413225565611,-0.218754467421244,-0.211058982852138,0.0855348686395334,52.79,0
85285.0,-7.03030814445441,3.42199090467553,-9.52507177254752,5.27089100906596,-4.02463027558805,-2.86568161775739,-6.98919473439446,3.79155093755913,-4.62273033596451,-8.40966487562735,6.30904400603177,-8.57676143258937,0.246746716929862,-11.5340460181508,-0.3642651387587,-5.45249465771382,-11.8875700201872,-3.56358481007011,0.876018768156628,0.545698040621445,1.10339774484256,-0.541854751589521,0.0369432219896495,-0.355519004066217,0.353634382097,1.04245799282131,1.35951563156376,-0.272188101257294,0.0,1
168586.0,-0.496713746804603,2.00892883744773,-2.41026105712043,-0.260957244792845,2.01484088602764,-1.07030781953197,1.5689915916372,-0.616791875826749,-0.18230633422681,-0.780432345667804,-0.635503661375921,-0.940904941031883,-0.360799228826033,-2.68445842350373,-0.140825866900865,0.12322064387231,2.03182542452085,0.843635897711281,0.151415904686487,-0.113324956264023,0.20919716087353,0.392837058873429,-0.19917903631754,-0.001652959672676,-0.75455285323084,0.496728864049778,-0.765836414915664,0.292676128245468,0.76,0
45541.0,-1.51924353075082,2.30849245367643,-1.50359931953802,2.06410058377601,-1.00084505842829,-1.01689703316417,-2.05973051990126,-0.275166374590629,-1.56220609694371,-2.75579692797163,3.43824825990431,-3.52152936013651,-0.918761288376486,-4.45210024854037,0.499313753853031,-2.90790343439971,-5.24864639527919,-0.936814652613817,1.16012029433585,0.175018552247898,1.30787143187069,0.102825644139183,-0.0177462832428156,0.149695925673219,-0.0966024680642115,-0.369114567720136,-0.0192440931269227,-0.20831909164279,1.0,1
53701.0,0.915188570836804,-0.516618611259033,1.10439480166723,0.899724070801047,-0.942511774249951,0.229000616334229,-0.491522885202096,0.133725505750223,0.785115570743238,-0.36311922364247,-0.365055245297963,0.98122127613392,0.892417604254824,-0.521087386270821,0.373417474429258,-0.154049506938189,0.059019797525108,-0.764931530087268,-0.441541732865956,0.157920305316024,0.0157629732047719,0.052386980320176,-0.0511010373110479,0.151780618976464,0.167794426728383,0.330901967809785,0.0170215289972374,0.0459111159969798,124.75,0
125200.0,-0.769171691743673,1.3422122564916,-2.1714541366788,-0.151513299728476,-0.648374467317641,-0.973504253142134,-1.70665765414268,0.313744516691369,-1.98230184657376,-3.15812700566592,1.3415717221686,-3.29947236985172,1.24764737362737,-6.39337284276668,-0.0532048016171774,-3.25804634128955,-3.34889609796046,0.217330714330335,-0.917407954929339,-0.102294252090737,-0.0361222946216654,-0.753591202726119,-0.0471133973013113,0.358492767536875,-0.287406815695466,0.476505957022081,0.250530561357973,0.250987222920341,40.0,1
68204.0,-0.806308471163704,1.18533345998653,1.20242144292716,-0.196321728118599,0.163735358487006,-0.633848079964801,0.711520708783629,-0.0870246259108101,-0.143647762454578,0.0995147552153381,-0.757115689507117,-0.0393436127989852,0.443628139259987,-0.0625250840523449,0.88154861301715,0.305462700154543,-0.613309812590726,-0.251689195942281,0.183693124877832,0.200497046162574,-0.287655919665231,-0.671550004641048,0.0120635628323313,-0.129644191291486,-0.0543356441640636,0.0979863082936392,0.264878660814534,0.157794533060404,9.42,0
116301.0,0.471400438079059,0.251364846868752,0.0068232834731753,-1.54764904547764,0.0113614987542472,-1.23639249050137,0.590138291188537,-0.459828640367534,-1.48984754428834,0.329870034626526,-0.527374279789158,-0.0917880735672637,1.78224641787275,-0.369881211950078,-0.0748341086929351,0.630937529107024,0.101350149281582,-1.3043636892969,0.676073538649308,0.156590730709395,0.564393522343181,1.70646678925887,-0.187830734268296,0.152203053759,-0.37734774341891,0.0059535157317958,0.118334452688901,0.0970938640819899,15.0,0
31253.0,-0.760822172299794,-0.273721108039761,2.49301520740646,2.09373980040325,-1.83148720283838,1.43025169360756,-1.82053798313289,-2.26790334399726,0.777794260467869,-1.13173581739267,-1.34568549344133,0.747247167177366,-0.174593548934229,-0.536165786556889,-0.516464531608246,-0.39332980048929,0.6065898506729,0.344960889539066,0.6174173260932,1.17834519451453,-1.04556884978501,0.918762707032477,-0.519474153307087,0.463349047734231,1.21885191260843,0.131641170625287,0.0944380481420156,0.243894266394632,241.35,0
91554.0,-5.10025566317088,3.63344238024837,-3.84391862443125,0.183208447320966,-1.18399737637674,1.6021393332506,-3.00595315203476,-8.64503780175356,1.28545810732477,-3.71748137540216,3.71921153916465,-5.03402974701745,0.918999158233287,-4.22036591807154,-1.05049995739584,-1.69104526842648,-2.37242320724166,0.450098503348706,0.407805060819919,-2.80630192287329,8.28043932580154,-2.79714954096118,1.09070659271567,-0.159259597476933,0.532156369375709,-0.497125808167425,0.943621624807946,0.553580691756943,261.22,1
406.0,-2.3122265423263,1.95199201064158,-1.60985073229769,3.9979055875468,-0.522187864667764,-1.42654531920595,-2.53738730624579,1.39165724829804,-2.77008927719433,-2.77227214465915,3.20203320709635,-2.89990738849473,-0.595221881324605,-4.28925378244217,0.389724120274487,-1.14074717980657,-2.83005567450437,-0.0168224681808257,0.416955705037907,0.126910559061474,0.517232370861764,-0.0350493686052974,-0.465211076182388,0.320198198514526,0.0445191674731724,0.177839798284401,0.261145002567677,-0.143275874698919,0.0,1
118797.0,1.26666270082581,-1.27730868566288,-2.94953972007058,0.75818782045222,0.210759744992876,-1.62609156783535,1.56887005207434,-0.712801362644325,0.211966992970969,-0.104521449624287,-1.00220064107003,-0.402547661391559,-1.40011809435172,1.24983309304341,0.117867746646306,-0.962494188444738,0.019129925651751,-0.349506692679762,-0.0873212408372159,0.550084943525902,0.551083154323044,0.745979429010276,-0.601678221715104,-0.0150140198903762,0.615207699847233,0.0862577710579749,-0.16646616365638,-0.0112189736089732,451.84,0
68905.0,1.17464131959002,-0.0848970017132515,-0.256066571126865,-0.219801850389625,-0.149242226219113,-0.888967880999107,0.348766662268469,-0.191992468341485,-0.25725430619453,-0.0347032831352326,1.2115627071366,0.696074921041698,-0.309681567353279,0.721083512552708,0.192610911648047,0.303083951559649,-0.49987912626293,-0.3500866066398,0.742078826934728,0.0571213276320378,-0.318735137058895,-1.14425839384047,0.0449037212888006,0.0367198637810647,0.185373748870947,0.733109471562677,-0.127804979300274,-0.0042686538351511,69.95,0
26863.0,-21.2091195927913,12.6521968313004,-23.5539329441267,6.17407791004356,-16.026658125511,-4.42219459449987,-16.2294437253382,14.1160019049786,-3.92274144947115,-8.72024451506225,5.49388683652872,-7.7408158639401,0.384814230466723,-8.078240669038,-0.0148996037313368,-6.7012888702885,-13.1592668578419,-4.90303149501704,1.1462752482696,1.60243883702914,1.75844007534189,-1.52258816196329,-0.903860197993699,0.130166452450156,1.45485651906738,-0.223214403323927,1.55092845004664,0.461459566763514,99.99,1
140687.0,-0.629523065627385,-0.370696513442809,1.63543301129996,0.0119791327667457,-0.0876896523614827,0.402067557715246,0.418322421692262,0.0743664595773152,0.38264414534508,-0.387970989215528,0.386441625740359,0.0991758979005805,-0.665713101222467,-0.0164437598258735,0.543509284798948,0.071674193479986,-0.661770929654541,1.02744630381634,1.1838525033862,0.470484908412396,0.129388619359683,0.263666879608714,0.256278041830553,-0.516462095547801,-0.554226197292475,-0.372320581549907,-0.0164124663512231,-0.0424849305260618,153.0,0
80878.0,-0.449075681925195,1.04351418918484,1.47149159942148,-0.0978516374475867,0.462251302861936,-0.478567948950913,1.0200128517123,-0.359761711801989,0.0985707930318501,0.178789912993878,0.20247703143024,-0.201875924146542,-0.0241660275951755,-0.873695081030822,1.23146744637138,-0.0918700804551755,0.0744592067949564,-0.649072675039066,-0.471326116873099,0.352323726793982,-0.369770749570382,-0.551769598262296,-0.0446142106752134,0.0175550591075034,-0.235123664509872,0.0496393059335905,0.0396069550031526,-0.284647743188213,8.99,0
5680.0,-0.348230275313456,0.397211494606673,2.3494089717125,1.17339607717642,-0.133879151919586,0.454457664341579,-0.226819085138412,0.0541966458854069,1.73578906380816,-0.236501347225622,1.40247548938815,-2.3302219844642,0.698721420911221,1.12676486924786,-0.954594466447617,-0.0426437095559825,0.295419450713229,1.13288214675307,0.779783930078815,-0.0500071025705833,-0.139747380360029,0.105727459711277,-0.144609071437144,-0.0688402280401347,-0.374897929960358,-0.455427013107502,-0.180041450787017,-0.161515183388726,12.99,0
74289.0,1.22790132525834,-0.799496394157177,1.04984159836048,0.108581013288296,-1.36739064234745,0.0735966111697279,-0.970899753633543,0.0511433262301011,-0.157212800372733,0.528183506737562,-1.3151488720271,0.282254743003294,1.00915947064007,-0.708847617383879,0.0447982759224043,-1.20025622906601,-0.139379326412282,1.2445165954862,-0.652492232515197,-0.350003952375088,-0.429920031457901,-0.655956461750176,-0.0079182499258837,-0.101568859211083,0.213945237587034,0.358283952887051,0.0382066072228103,0.0373525194024501,60.0,0
152036.0,-4.32060921481281,3.19993870654465,-5.79973605389345,6.50233023566696,0.378479252807864,-1.94824637096657,-2.16785950480668,-0.728206711605414,-1.97723831745674,-3.47341070390428,4.56919375212135,-9.32115263136084,-1.59251765115386,-14.2668362798028,0.467776602458787,-4.06620855488173,-6.62696817708246,-1.43715841938037,-0.215409738450978,-0.263686068021973,0.47666042483552,0.434278328284482,-0.13693991841301,-0.620071695417129,0.642530576414265,0.28071734804164,-2.64910674899003,0.533640939848599,1.0,1
51135.0,-10.5273044341626,7.63974510878724,-13.4431145027514,4.30340291762786,-8.04820986720506,-3.46699653575204,-8.64319279153494,7.28410530047069,-2.36209663777244,-5.99659592015915,2.5891035399443,-5.9622614216576,-0.468955402702701,-6.77818372152522,0.907946622048306,-3.97013003226966,-6.85761265464239,-2.51173568202806,0.511761951503497,0.847085223070639,0.937415595523653,-0.931178206442092,-0.235696693319785,-0.0313933540844794,0.591558276561224,-0.263516323288921,1.10889729755393,0.219021143211497,99.99,1
117317.0,1.99367893014763,0.224901817093638,-2.79732183154879,0.75449746713867,2.07771331282302,0.918359019953743,0.699588764797631,0.0618685042778782,-0.501369969090504,0.430959357078463,0.7811284292528,0.731966286074496,-0.368892784890181,1.1552555283391,-0.174901999691129,-1.30529871216943,0.0913959317635559,-1.04454437551667,-0.79381147049296,-0.349885663496116,0.381810834898257,1.34077913329177,-0.19885165438682,-0.898293220709143,0.743960519474437,-0.113162396652592,-0.0140296188451574,-0.100191085919142,1.0,0
116345.0,-1.01835695962922,0.637020932760479,2.161963406074,-0.185120510312268,0.122569716079036,-0.0556046259550431,0.645488642180581,0.308417202763319,-0.25807787571472,-0.826207069496811,0.436739022970587,-0.186829807384056,-1.86259117825436,0.425604828945588,-0.653283842430739,0.70073401785526,-0.928074604450693,0.471615039948921,-0.774830524608809,-0.169045306833763,-0.142386172022714,-0.662777450144714,-0.133891165235298,-0.115008171735624,0.395127108682377,-0.957295346448922,0.0337278665439719,0.0617701519440943,45.97,0
162419.0,2.09416626412045,-0.226142170647038,-1.52420731791814,0.0596636184991214,0.322457730448959,-0.302062678546339,-0.0308496847465256,-0.0435781087488823,0.556195824052867,0.282510609151852,-0.234500874790311,0.0670751448328757,-1.15431400403931,0.670518991548444,-0.436259772065372,0.468426322578061,-0.856025683042772,0.14062333957362,0.851771230076821,-0.2627011529645,-0.323709179460608,-0.894058152258509,0.209918257659365,-1.13431007759954,-0.229121562172483,0.249893940995259,-0.0846509937869302,-0.0838816952834767,1.98,0
127576.0,-0.601572462633741,0.62292182754665,-0.981546783736751,-0.786905296819861,0.766943944851098,-0.201694645160523,0.24738430315867,0.613574713700688,0.162620159281902,-0.0466164531709344,-0.270382593474933,-0.0109164921701968,-1.49003042045768,0.789876697060738,-1.11428616037274,0.306856283207566,-0.547872059721424,0.0984841618153987,0.380219127234175,-0.0875600138821648,-0.196287293322892,-0.532709736411932,0.284890238125686,-0.0119878341190942,-0.574291963484184,0.168192464834137,0.250124661283953,0.0719592102449298,12.09,0
3770.0,0.420967091144543,-1.08204767339702,1.08348570317493,1.86516151950376,-1.42460259308332,-0.302770001524916,-0.146441891556278,-0.138126146769025,2.00195932999223,-0.682044316311275,0.543727330673769,-2.03989285380239,1.71954926802989,1.28619914289453,-0.0909322648804752,0.167551148680207,0.457716483538964,0.455128722926929,-0.878542484762461,0.580727679340521,0.224211590355359,0.21395960599372,-0.371785156810086,0.68687610985974,0.306236529984146,-0.357054159636799,-0.0284496055854762,0.0983664815439283,383.26,0
12393.0,-4.06400473842815,3.10093489093256,-1.18849800365476,3.26463274045175,-1.90356235801726,0.3203505872957,-0.954940039087007,-3.27753491983773,2.82082866173719,1.01511287978593,3.18718689736493,-7.00432728360605,0.872710605485111,-6.22060535304292,-0.904444629573358,-3.07509188469837,-5.04473569177435,-1.71808268516882,-0.662462068430895,-0.531897693292296,1.68866543097474,-0.0788446980063478,0.19373092657711,0.479495953884992,-0.50660305739906,-0.409862744197452,-3.03627132936069,-0.630605198840545,179.66,1
66743.0,0.405879639181154,-1.00674771868227,0.762517845402572,2.61617431848804,-0.590517310215498,1.36361262878192,-0.29680285727753,0.390183622818937,-0.205182185998934,0.52716837368713,0.386633627520502,0.410426042925025,-0.181139081835942,0.024231834745956,-0.174228396729079,0.953263868554011,-0.764077636454033,0.459385743629216,-0.985377372471997,0.553694242403565,0.350054846523425,0.299710165572058,-0.424136021536037,-0.651234749072632,0.238863072241102,0.12506889663551,-0.0192322575473067,0.0749234615761959,358.64,0
84694.0,-4.86810843844627,1.26441977404559,-5.16788542660662,3.19364784504611,-3.04562137708228,-2.09616609885545,-6.44561018266068,2.4225355920307,-3.2140554159387,-8.74597261185534,5.41604190908794,-8.16412507731485,-0.165010607208302,-10.1935303551514,-1.89521031032574,-7.36047460938421,-14.6687710766351,-4.87711900477519,1.38560952778492,0.66730977994879,1.26920538901712,0.0576572516592633,0.629307399675982,-0.168431773502721,0.443743902404587,0.276539471570389,1.44127396787951,-0.127943726430018,12.31,1
41203.0,-8.42681446458936,6.24165891255794,-9.94646974501132,8.19961393161759,-8.21309336768256,-2.52204605104398,-11.6430282742756,5.33950009801351,-7.05101582770698,-12.2653238444006,7.04773274001302,-13.7429528415799,0.821627223133927,-14.1074642630375,1.02047093981622,-11.8478871921138,-21.6739867132891,-7.78404247450965,3.20430921695579,0.563869352833826,2.42746037443776,0.692666548056743,0.0203051671536146,0.499809093124917,0.467593621860553,0.483161969665241,1.19567086957704,0.198294350072086,88.23,1
141565.0,0.1149650477972,0.76676154669164,-0.494132199415659,0.116771978233793,0.86816853524791,-0.477982006349535,0.438495665220681,0.0630733402552484,-0.186207089214194,-0.159325098707444,1.20030360709416,0.281744446861465,-0.623844030466212,-0.658246292064356,-0.155888356613225,0.0562273489244218,0.653662125212474,0.33465531172159,1.02892683645358,0.0621985703923592,-0.284412898740297,-0.706865471630836,0.131404855625717,0.600742122018719,-0.604264275304309,0.26293785502267,0.0991446312768992,0.0108097183119463,4.49,1
95628.0,-17.5189091261484,12.5721178535385,-19.0385383213549,11.1908946558522,-13.5547207079601,-0.41192361337145,-23.189396512394,-5.30141221815132,-8.63039030596902,-16.2556117491401,5.70211147983179,-13.8124040899594,-0.306815322507812,-7.01360737195925,-1.18229035380557,-9.3601791927531,-16.6683693822389,-7.14746777723207,2.16209864550609,2.52851232971436,-4.96947772242457,0.976124822110751,1.8412479337881,0.334417748210128,-0.720128461316563,-0.232603423065217,-3.02199247294556,-0.478158234859683,1.63,1
74416.0,-0.464374143155571,-0.20258044821111,2.09273867864642,-2.72869824596722,-0.546590737568601,-0.2321736227991,-0.125059994665013,-0.253106017379783,-2.18987861501777,1.00598166807629,-1.10927342895754,-0.760950698717718,2.13954614049479,-1.25289400793794,0.184569470079651,0.0771830880755287,-0.341729237437193,0.446471143937818,-0.656459733414736,0.042412095313917,-0.144450339144596,0.264018091801893,-0.442479477566187,-0.435246270841736,0.558926630766614,-0.151099160328222,0.155027068528353,-0.0981233311649138,11.8,0
59523.0,-1.15246585527211,-0.350442235894165,1.53046271847361,0.459702757784882,0.472314692721697,-0.24213796559751,1.34471194606657,-0.429406607315611,-0.603544385991678,0.280028090435064,1.92764160892474,0.327464510134038,-0.601039094243529,0.257551885620921,0.801202241108089,-0.393039342993287,-0.196449369976882,-0.579417700955219,0.787313970323658,0.171676542491807,-0.40323695217331,-0.91299359282618,0.62709286446026,0.165802702483719,-0.704149460304853,-0.14630920019755,-0.30346573951467,-0.288623951956328,174.14,0
35398.0,1.05147042252351,-0.0823062870118914,1.37811893736533,1.22159146142498,-0.787408051353261,0.48508779604575,-0.693684936295262,0.327520389120819,0.522859200109764,-0.0952364991614813,1.41587671982534,1.64556559150944,0.497124514088744,-0.242323964312108,-0.352143730430295,-0.106434095226201,-0.180255171446058,-0.157388616837177,-0.361749404567356,-0.121883208810216,0.0377657067614506,0.341338601096055,0.0296492212581575,0.23848657965931,0.304655898222848,-0.411123998614878,0.0893301404216716,0.02809659121023,9.99,0
11629.0,-3.89119195123086,7.09891625215749,-11.4264670967961,8.60755678650129,-2.06570621026229,-2.98528802203595,-8.13858941693861,2.97392807853452,-6.27279046836547,-13.1934150665232,11.6197234753825,-17.6316063138707,-0.355194389515515,-18.8220867423816,-1.2831290856146,-10.0310966568698,-15.2270075099256,-5.32200898058982,-0.501750653452579,1.38261899967275,1.75708522742867,-0.18970915318715,-0.508629244173448,-1.18930816877394,1.18853649934791,0.605241885913626,1.8815287524148,0.875260407222375,1.0,1
155554.0,-1.04006722316026,3.10670266443901,-5.40902719870311,3.10990342442989,-0.887237039790953,-2.49752183582566,-2.07334746311485,0.639818099305764,-3.01333057190308,-5.9548382969224,3.58639450927204,-5.51714762692598,0.683652475018798,-8.5604228759795,1.85609491585409,-4.87824808848093,-4.33599801203682,-1.3771910852015,3.0573817418767,1.05439010295385,0.773960867519738,0.214868420362258,-0.184233022038014,-0.284091370881042,0.493466608549931,0.732328821135949,0.675066703315442,0.337076231470716,94.82,1
19762.0,-14.1791651073631,7.42136996239257,-21.405835744128,11.927511869244,-7.97428068736155,-2.20271027666529,-15.4716122801735,-0.356594909586509,-6.38012489838839,-13.3482776536659,10.1875873241664,-14.5639797552132,0.59375935763569,-14.4915983463022,-0.281392503951236,-8.2641288443605,-12.4398049728466,-4.83707902601307,0.753149847889189,1.00276434172175,-2.36683606243662,1.13095519799655,0.991153238179024,-1.03313210707298,-0.327179344936207,0.634692903522304,2.17190494464567,-1.39528768393339,1.0,1
35422.0,0.4480926056733,-0.922810486436002,-0.0132931364539827,1.56404043661252,-0.734068162904538,-0.760530719070281,0.699542733489764,-0.282067971215943,-0.0551894525091995,-0.136120563613808,-0.409401510060267,0.0833071689880732,-0.226472778697522,0.516476348319805,0.978819198122394,0.239519824641218,-0.420273753049688,-0.219442728590157,-0.458337797939581,0.660541320874466,0.0656266273794009,-0.740807165866947,-0.304281825501542,0.372358382570642,0.306718034819362,-0.578690947135821,-0.061109421528297,0.0961781720621234,409.25,0
41505.0,-16.5265065691231,8.58497179585822,-18.6498531851945,9.50559351508723,-13.7938185270957,-2.83240429939747,-16.701694296045,7.51734390370987,-8.50705863675898,-14.1101844415457,5.29923634963938,-10.8340064814734,1.67112025332681,-9.37385858364976,0.360805641631617,-9.89924654080666,-19.2362923697613,-8.39855199494575,3.10173536885404,-1.51492343527852,1.19073869481428,-1.12767000902061,-2.3585787697881,0.673461328987237,-1.4136996745882,-0.46276236139933,-2.01857524875161,-1.04280416970881,364.19,1
141980.0,-1.11197470379937,1.82967158310322,-1.53728447884758,-1.59144227576246,1.14789348708538,-1.06213463433684,1.45383252353818,-0.154650177656988,0.551492844591234,1.264760977819,0.0524677769991088,-0.367956443865325,-1.6799079002885,0.8162500112174,-0.551441362252182,-0.356575032678322,-0.821410933721282,0.357077130973912,0.215762487669212,0.504789359221454,0.0925288000329009,0.70259425614218,-0.268855277967858,-0.807035670103299,-0.0478620773891614,0.146701944656088,0.910023209010939,0.546817663512548,0.77,0
96706.0,-0.425453905295819,1.2262449662461,-1.31490375687827,0.775567082421398,2.26436971774674,-0.768401416940072,1.37121448550651,-0.326371112363896,0.816324601470411,-1.71539376066542,-0.0692405822458075,-3.42218116881525,0.880846138134705,-0.601236472265117,-1.28761290585865,0.263420521441012,2.15798667687085,1.07727326673778,-0.764922294108495,-0.229285690186989,-0.210073094198641,-0.280529146551569,-0.351880789901071,-0.0988832514682097,0.411761758108683,-0.588555780532983,-0.0465773639464884,0.0892991817094364,55.0,0
141741.0,1.9361598616035,-0.103177221755645,-0.287866781751173,1.56642363173423,-0.341021775985283,-0.242125677064108,-0.222795919934595,-0.0303902047621159,1.1172372244522,-0.0285084245817499,-1.24598820603164,0.958829112039685,0.22609933282567,-0.351977072229595,-1.21190970242775,-0.485518853398599,-0.0416611109610125,-1.00460795853974,0.164446054223282,-0.277250701521564,-0.519997759178593,-1.16083502122971,0.433789157975012,-0.157001532212472,-0.309057644001077,-1.09888413673643,0.0612259478545209,-0.0310256951373249,4.76,0
40674.0,-0.246513220608433,0.861245480393681,1.89056262350281,1.37382451460009,0.172463095264728,0.0017622002881514,0.606327896091276,-0.124764867605969,-0.510219403078571,0.13500735188429,-0.214030014295827,-0.61630680245775,-0.732923267589002,0.300521832669435,2.09419534852427,-0.924972873716818,0.396990013992443,-0.145419544532968,1.09754562455468,0.165657360317679,0.0277951139683246,0.298056144450066,-0.186671849010146,0.0671532902219798,-0.16890407722186,-0.185869467529244,-0.0049444547741125,-0.10274282297791,11.01,0
165955.0,-1.41969964303245,-1.59699433420338,-1.20683291138436,-2.68807646237842,-0.672722007794245,-0.235317662702241,-0.857289979775563,0.503239506646663,-1.62382744966852,1.15422980277347,-0.351186467797569,-0.134336022093427,0.80703898638113,-0.201465488848533,-1.68822061045368,0.358278042403354,-0.29323255192518,0.829384366225375,-0.558270366488259,-0.711717582609139,0.14595757951739,0.717139963899918,0.419313280532445,0.193156491230826,-2.02013926315466,-0.716138391312119,-0.456078162241121,0.12874395943655,77.0,0
146721.0,1.68799433879733,-1.74559248388286,-1.16799008559901,-1.09488675131588,-0.131793669748019,1.79395604268529,-1.03293369143666,0.533924405873076,-0.0396671064093002,0.60122755822549,0.772037793823285,0.2176620632431,-0.249167580395523,-0.178403374190521,-0.244352090898069,0.510040324370744,0.709441142672898,-2.36466598468859,0.350385094826315,0.267259826444351,-0.0235435737582503,-0.38922024620037,0.2906848693843,-0.982457135321996,-0.694597885164727,-0.50959603662757,0.0118329657570388,-0.0325978340362357,195.0,0
4657.0,0.517635540294575,-2.09753426374839,0.402506650229816,-0.109042635916342,-1.3041163184589,0.915655372661296,-0.62925023254885,0.0130777613676949,0.976986778861849,-0.0143117395104185,0.74698138166888,-1.36742358503582,3.15860470957976,0.741166605740001,-1.91261389449387,-1.07086982705737,0.39059151041628,1.81622347084639,0.0148454590650816,0.472286097835404,-0.49435943302099,-1.41990634124881,-0.379042500876223,-0.820997321628083,0.0075163011963644,0.878785845103531,-0.112961400786415,0.0696130557600986,444.41,0
48132.0,-0.520237858514895,0.699603924844203,0.947859758818284,-0.690610697991468,0.402078816820631,-0.806640581109565,1.02660230427688,-0.228573506062461,-0.653994680359923,-0.585040029058642,0.0924163287643371,0.523196144385772,0.823379766055208,0.148317162214047,0.819710348131244,-0.396339378463315,0.0644473816506806,-1.39752151404228,0.143186001331692,-0.0431072849184954,-0.297364151184453,-0.836749241842589,0.252967805249128,0.120706160872611,-0.276156690226221,0.68826578214127,-0.156923141909522,-0.0256635097729358,28.98,0
85285.0,-6.71340697159693,3.92110415204576,-9.74667821737542,5.14826254938013,-5.15156271985187,-2.09938865681113,-5.93776683170198,3.57877960420447,-4.6849517505833,-8.53775768653457,6.34897930341209,-8.68160893168352,0.251179384774619,-11.6080022570993,-0.351568782034355,-5.36356643348466,-11.9390915052116,-3.58360287020043,0.897402406121681,0.135711322729059,0.954272201927517,-0.45108644858101,0.127214424071711,-0.339449869297565,0.394095513633807,1.07529509891805,1.6499059092424,-0.394905372194808,252.92,1
74772.0,1.407333357296,-0.562278335484082,0.294980257407741,-0.563226221398,-0.834526752125068,-0.525030323623368,-0.512705021939796,-0.168956644396601,-0.484885605845747,0.472262703507197,-0.953864393158074,-0.234648604134375,0.624391659252207,-0.592537943928595,-0.506103985607232,0.699562016520672,0.471510867329933,-1.665726731056,1.11980126555691,0.115602474332408,-0.0416856721399093,-0.0249780413053378,-0.110549659002455,-0.0737139351405874,0.63633948193176,-0.216021839181642,0.0144101022491979,0.0111427723029988,21.0,0
69202.0,0.0189227520470902,0.0677235183039307,1.64049296636001,0.582946495551713,-0.443213660061676,-0.0147419640974078,0.160622289385467,-0.242114542014407,-1.71287250580006,1.08756721118983,-0.0643515632707573,-0.266330270924323,0.866264029488761,-0.0511949591062447,2.21909272141313,-2.56844507990214,0.866048271613297,0.765830644213245,1.22010614047769,0.0515766366413647,-0.472202443920052,-0.723764755528269,0.296585322940472,0.0673196831759075,-1.06979563161607,0.462286553770032,0.0198093740559266,-0.0465254695109996,52.22,0
151029.0,-3.81821371829341,2.55133767783118,-4.75915831591909,1.63696695878653,-1.16790008391088,-1.67841338780471,-3.14473247208576,1.24510555037845,-1.69254135414833,-4.75993137385013,3.64225693939881,-4.165202322571,0.703069875094878,-7.62431631397779,-1.49801239964762,-4.07999232998846,-6.71717654755023,-1.88754964911755,1.35674828969143,0.164453445972909,0.837685440079622,0.761712127064149,-0.417694265920243,-0.469712471536136,-0.225934235750846,0.586415248500604,-0.348107405939032,0.0877768724326224,10.7,1
56626.0,-0.925532598255414,1.36601495091906,0.840532998995109,0.605087690852436,0.504172545046576,-0.0906616777785648,0.624767400329552,-0.0580115186641752,-0.611246484027293,0.0098982650334941,-1.15915484233627,0.488569766585718,1.92623150992779,-0.10830723445141,1.06262121736409,0.0333281584822034,-0.652406243319452,0.216756037740876,0.844225236784873,0.0213078173764295,0.0379171949445017,0.166768403979465,-0.194843072834315,-0.617479405135788,-0.0704086990391192,-0.419487748475427,-0.521961522713748,-0.118479425903531,12.79,0
94362.0,-26.4577446501446,16.497471901867,-30.1773174564996,8.90415677106517,-17.8925996927224,-1.22790388102871,-31.1973285494605,-11.43892041491,-9.46257260540015,-22.1870885620007,4.41999660154863,-10.5923050053728,-0.703795803703315,-3.92620731586873,-2.40024649210124,-6.80988994039049,-12.4623149481086,-5.50105078380738,-0.567939572890149,2.81224110932946,-8.75569832116533,3.46089334478551,0.896537503959012,0.254835536763482,-0.738096558530353,-0.966564233789852,-7.26348214633855,-1.32488430656137,1.0,1
29013.0,-1.14709697881622,0.368128225452014,-0.11403862260012,-0.279361081679922,-0.695380549884705,-0.381989163526972,1.68721756495574,0.197077513502814,-0.356179316260294,-0.964007464120147,-1.45929595234508,-0.0733095736314493,-0.127794594737214,0.37760509757322,-0.662142251287191,0.14837197917281,-0.340280414631317,-0.201396619366934,-0.384838373585432,0.50668760150764,0.220168141477499,0.201488871075134,0.583598729456138,-0.109598594482068,-0.163403775554623,0.317197711588511,0.122563514462757,0.187118650019763,306.73,0
62330.0,1.14086473658976,1.22131743135767,-1.45295546048243,2.06757505760281,0.854742052227546,-0.981222507744598,0.325713913670098,-0.0377214068783676,0.113219371615132,-2.12697274994354,0.915947028928619,-0.468571538051367,-0.523377293666349,-4.86186658087283,0.421013353871263,0.866440624739209,4.08248488419359,1.1963181517001,-1.10076358353881,-0.0677120411898438,-0.377597095255037,-0.79345965987036,-0.132333171548173,-0.33158626897425,0.664877856718148,-0.309312434134138,0.099941947375597,0.122988311929089,1.0,1
135095.0,0.232512476136408,0.938943680000523,-4.64777987861917,3.07984368774547,-1.90265531863884,-1.04140751952949,-1.02040664482631,0.547068603184495,-1.10599029357172,-3.52012767367189,2.07411645462861,-3.01077173816878,0.694977689554512,-5.38783122686352,1.778669797797,-2.93580442477364,-2.28557270821558,-0.237055632781029,1.97974707098703,1.14161507545704,0.911372759326949,1.04292865643844,0.999393887913078,0.901260455221573,-0.452093168108936,0.192959213794113,0.180859449380341,-0.0293153378913553,345.0,1
116977.0,-1.03585866337859,0.741430469803832,0.701876828751198,-1.13498784922433,1.24133069703797,-0.637121871996762,1.06095819032591,0.0173287404936238,-0.356674285287854,-1.85979850528883,0.834907849129627,0.705906051444397,0.107002002722725,-1.48221577902962,-1.39284732329239,0.354569398336375,0.533383154545123,0.58037352809722,-0.0848144830681831,0.0757093937889193,-0.166998713420471,-0.515380145729941,-0.393137554023163,-0.505705053071497,0.84804761784661,-0.0458300212328779,-0.0163424415443077,0.0685496184519586,36.6,0
87867.0,2.06294598775873,-0.746899134773781,-0.837816427850173,-0.865585520852982,-0.442595442283465,-0.0510029571523002,-0.746596001622008,0.0112605816926819,1.78827600535199,-0.452986192288505,-1.47710624352489,0.334038947844816,0.455285100381807,-0.34705348881109,0.733588461638012,0.23884724545076,-0.625079923216034,0.286686252603363,0.455916101628279,-0.0745852821274996,0.171336819728575,0.708430552765706,0.0564448048569174,0.182201910710065,-0.131881296721371,0.799877724741873,-0.0374364888718859,-0.0502685517370277,23.92,0
57074.0,-1.61298383241716,0.768013364591327,0.251416337668418,-1.05689697510389,-1.05686486344788,0.853542327550967,-1.0778476786953,1.26146957597268,-1.69536245188245,0.418331670649651,-0.266074230999121,-0.241365699162862,-0.205932470823248,0.922386261481126,1.14829719694898,-0.888205784384604,0.220862073992606,1.78351946140647,0.83751673200243,-0.644327329915837,-0.428435096711158,-1.17108916603879,-0.0082710204260511,-1.33178760572905,-0.617844022622498,0.902766962283648,-0.830908170879506,-0.369549583309913,45.0,0
110087.0,1.93494645561548,0.650677737498259,-0.286957048622899,3.98782809057201,0.316051835129206,-0.0994493763543019,-0.0214831582313935,-0.172327298889228,0.508730034701461,1.07295520625891,-0.427567391481657,-2.777649223895,1.63714014878874,1.5710801214626,-1.44536681818908,0.908649625166723,-0.122016068028642,-0.104109917156777,-1.6840216339214,-0.344452123814994,-0.173601631022283,-0.190973581696087,0.219975571293889,-0.216596550704603,-0.136691885594352,-0.129953649978571,-0.0500768352982461,-0.0510818960798855,1.0,1
29785.0,0.92376442016477,0.34404807190464,-2.88000365579163,1.72168007534123,-3.01956477860235,-0.639736122583852,-3.8013245024591,1.29909588513018,0.864065471140902,-2.89525166830126,3.02816223099618,-2.54917730779636,-1.56043182473423,-2.97131675769274,1.07889539651163,-4.70201182527384,-4.90809850732764,-1.5088732903485,3.0016850593747,0.170871765618069,0.8999311755668,1.48127100376248,0.725265549161058,0.176959582872624,-1.81563797523647,-0.536517111308732,0.489035020411905,-0.0497285787992942,30.3,1
58039.0,-0.72167756565857,0.972449720216411,0.520641519122373,-1.58293224217629,0.594300338764984,0.048918820668713,0.369745285044599,0.46314929990517,-0.407046930901433,-1.1687670238737,-1.60446479635673,-0.0540262780909657,0.681327662414042,0.266087208369597,0.641333038814059,0.676084344701958,-0.70407941591663,-0.424674856041703,-0.45543980653254,-0.196017666357796,-0.0243137027217241,-0.191416143379728,-0.214339856990046,-1.25760939754608,-0.196553759743714,0.862599135948186,-0.0964503363901731,0.0356520602639978,0.92,0
125612.0,1.88961791435199,1.07309853428207,-1.67801752213825,4.17326819444992,1.01551580609762,-0.0093890345376856,-0.0797056036973578,0.0640708218352963,-0.714516675807338,0.0422275201898101,-0.408402781057003,-0.929370065771482,0.0586863166856154,-3.51284546122181,-0.164612974126633,2.06985302474878,1.7333815808837,1.58075796212324,-2.33518537609962,-0.15357026465285,0.203727978494943,0.733795720552592,-0.0365597489616082,0.334305770703597,0.147171035637962,0.279556488222951,0.0316687807243937,0.0358833226413502,3.22,1
132127.0,0.0549845268890148,0.697805695131686,0.488924391205462,-0.157752179794293,1.1406673632149,-0.411273236953244,1.08076482180977,-0.433025630590103,-0.356985332007801,-0.185644489524332,-1.26893358381504,0.135363014971046,0.996673038236409,-0.137794481038466,0.280595931644115,-0.535845983191943,-0.331461808751464,-0.534061631086001,1.37063179766644,0.170860847374848,-0.250656185460364,-0.42127925595808,-0.0874811742357024,-0.736499856316164,-0.705453051394763,0.313248975215397,-0.0193236141725963,-0.0422815937728043,1.98,0
53210.0,0.48245974404312,-1.07062776055595,-0.506331420773718,1.20178294120926,-0.355937965210035,-0.0278509000134406,0.474173496632755,0.0969339710652377,0.0404545626202096,0.0655044134591379,0.734258792650738,-0.724562540271413,-3.04489691652508,1.36484365331104,0.730753157895298,0.108642652105697,-0.266053826054709,0.29491559585768,-0.323842683958062,0.393421504979862,0.215548741466032,-0.315722890551532,-0.404193214774062,-0.363542174096815,0.432259988792359,-0.354699763712515,-0.0734455876801819,0.0572601974425391,370.98,0
42241.0,-0.856165575158195,-0.44621837416071,0.793857367000715,-1.64275947832251,1.45215948710597,-0.857705541756917,0.318992499490798,-0.264565444491279,-1.51634552877578,-0.249316401354264,-0.448944476775966,-0.850893519233158,0.950495857681611,-1.47404825380113,0.331337252329039,1.15626753065304,0.704735954439779,-1.32617497639097,-0.099663524682281,0.48247567191116,0.147491933340766,0.236355047228783,-0.285594589884934,-0.801894770381303,0.844480332000195,-0.172266324337013,-0.237157049175199,-0.234737922560606,36.88,0
39352.0,-1.32436845737968,0.0282792910618167,0.688267937583206,-1.85835630934517,0.0178133747985244,-0.551437215583351,0.021801943801172,0.583507631126808,-1.83673370733051,0.0158636912030919,0.97922734820816,-0.3304180420626,-0.6757246008628,0.582401466310745,-0.48932618058635,1.24363397638751,0.238642051114858,-1.52008567498638,0.265021241193198,0.265300662113905,-0.0062018190369904,-0.534018040873647,0.0872443552566029,-0.364076322056556,0.0008751556945086,-0.633992293110059,0.16833942324226,0.0054065879184802,58.0,0
138023.0,1.87968811409826,-0.509541053711962,-1.76972768040964,0.468141264119464,2.07235424101407,4.1661401153328,-0.85873042786812,1.07733470458465,1.02092486038104,-0.0025664061432383,-0.54175452176554,0.745736479601007,-0.372132292538181,-0.0643760526609334,-0.793799649778635,-0.495657797524636,-0.133720049527652,-1.00147309642465,0.0806411982872137,-0.172979818966188,-0.513759868287183,-1.34648756391304,0.458950230174254,0.617555794686475,-0.289793486814608,-1.08665721087646,0.0699187096313232,-0.0330587431317043,29.0,0
106619.0,-0.518173787668159,0.756097206737277,2.28273727813564,-0.308866554856345,0.351918690484914,0.235737355435497,0.397270958138768,-0.0726044204971075,1.30175080333741,-0.970459694221457,1.68676016499473,-2.09084037289926,1.46820149982484,1.46458777483693,-0.0113675522913932,-0.0344837649905098,-0.0067679885760802,1.05373109314095,0.884053827846488,0.065122950196863,-0.275554044314019,-0.37185638916556,-0.349454702780232,-0.503382565030809,0.25779944588661,-0.721322586691518,-0.0818146058791585,-0.160176510291925,2.12,0
37045.0,1.27309034091857,-0.74440315814879,1.08361653132847,-0.682701118232236,-1.53708933335714,-0.502749513835197,-1.0643739020057,0.0397856589537621,-0.738666258379376,0.753594485097917,1.63496907002042,0.348595194334191,0.622901222006456,-0.319477138483072,0.355285016523866,1.59903897791213,-0.144380713401274,-0.472369611926354,0.425499891002538,0.169445242306361,0.465367013121107,1.22964022796005,-0.114756444992218,0.604354719926223,0.375965457037298,-0.0836700182272443,0.0323940010472484,0.0227589483710899,34.99,0
77318.0,1.35697222182287,-0.796632188281051,1.04298233875763,-0.694190870800826,-1.40827267126404,0.0018709570639981,-1.28317357464842,0.186712868219256,-0.307248876975433,0.686835290142377,0.811919121155129,0.0269366762310843,0.047225973004762,-0.507093809925074,-0.301600526385822,1.48286298176717,-0.050240670790926,-0.405000430209105,0.878401436342078,0.0643610281635674,0.32949912663849,1.00758119090291,-0.146415913803191,0.0448726271672821,0.469076808317416,-0.0413897628779134,0.0465699892755654,0.0098949586726954,0.0,0
40919.0,-2.74048250153169,3.65809481979987,-4.11063552027473,5.34024166876747,-2.66677476000958,-0.0927818149405728,-4.38869880914515,-0.280132705503576,-2.82189458229917,-4.46628416302479,3.96979981229186,-7.34671678644283,-1.16331176961366,-8.22556891234807,0.82500183194645,-6.77286703365235,-8.81578542555918,-4.56885928410549,1.12659865645629,0.185325269832133,2.41749541196206,-0.0977119508973041,0.382154506973307,-0.154756519767143,-0.40395592644091,0.277894930235294,0.830061638644528,0.218690442242457,112.33,1
15817.0,-4.64189285087538,2.90208643306647,-1.57293870931742,2.507298518227,-0.871782564349351,-1.0409025722626,-1.59390073966645,-3.25490508581579,1.90896268593707,1.07741752106048,3.33850216040272,-6.54261034532574,1.09953638182128,-3.26647554459315,1.01472790444294,-4.84238307827835,-5.269876299726,-2.34466857415508,1.95922405409272,-0.465679220344122,1.96359666634146,-0.217413915973245,-0.54933995583883,0.645545202036521,-0.354557818794591,-0.611763845006479,-3.90808047547799,-0.671248265147117,11.39,1
63319.0,1.19610232370318,-0.228955221808801,0.566515250802484,-0.212520390500486,-0.679333024742244,-0.270961117452162,-0.48711910245227,0.201692412806092,0.353754892190468,-0.0448853037194671,1.44294613933869,0.219076936768073,-1.43819599274712,0.646111374565031,0.963095214477514,0.378645667074018,-0.252756220678911,-0.193092240106222,-0.0301559171524385,-0.180252424151502,-0.0714962484056268,-0.265342409646461,0.131035723395032,0.0277859885488763,-0.0349689304288869,0.922253302784343,-0.0675530296792419,-0.0074231394173692,2.2,0
138234.0,1.87626530419181,-0.581710020292091,-1.20049969106766,-0.0212704373765195,0.711534062213895,1.77863515746008,-0.525332493789777,0.544224301290105,1.27029953055282,-0.349291158850814,0.682208894032031,1.62828596903511,-0.307280218570124,-0.0318823281102453,-1.31979968972045,-1.59663704313781,0.78981944685067,-1.81618544242507,0.0962650258484449,-0.32035981876839,-0.259340518341555,-0.27389859582925,0.322566249298924,-0.715206128575897,-0.251857278587972,-0.0949620532372522,0.0358030252005866,-0.0747698203585623,2.18,0
76813.0,-0.437672146679689,-0.757148876016592,1.98292747225826,-2.19195211245801,-0.741971649195451,0.224705311985674,-0.689605569320866,0.045963717025415,-2.11352930604565,1.43563797833286,0.873111408694288,-1.15588279466033,-0.483308191244849,-0.436949505003202,0.346673613948468,-0.32947724620571,0.250895102974188,0.731038093372263,-0.164111903540501,-0.251414077954323,0.046286249338539,0.585323963786122,-0.150630481753994,-0.332563230885235,-0.300807844763112,-0.154738720573626,-0.151159612747739,-0.0835041366340565,17.1,0
35771.0,-3.21895201068387,2.70853541135777,-3.26304158740062,1.36186594394607,-1.64577567536596,-1.85298187130258,-3.06995821412732,-1.79687585578416,-0.213356097435365,-3.55198400939375,3.77974953895486,-6.98477147722078,-1.14097718858781,-9.37787845231763,0.921463506707037,-4.65207119462111,-9.09423129737693,-3.08254995409724,0.132330776389272,0.571654488206511,1.80787725006384,-0.890421395077162,-0.325814386573867,0.123039596922715,-0.0930137472776971,0.232105969675678,-0.310518998304807,-0.745294626799623,60.6,1
140551.0,2.11269485184181,-1.3214577339306,0.158031528220473,-0.639843554869937,-1.46577956663144,0.42079575511931,-1.70488129496893,0.268988142835729,1.04827108187604,0.495309672026879,-1.43224785681612,-0.311913127419954,-0.0555181467261255,-1.19315838684617,-0.916462608248319,0.908679574232049,0.501414677830252,-1.2946014855327,0.794844897639412,-0.0488720762290674,0.126500681534991,0.642454339771452,0.267203522065321,0.630967413056819,-0.329037489443513,-0.211887892769611,0.058966234894347,-0.0322556824055236,5.0,0
41233.0,-10.6457996485752,5.9183066586857,-11.6710425949575,8.80736917876038,-7.97550136587277,-3.58680634405361,-13.6167970541448,6.42816934590602,-7.36845129274034,-12.8881582878915,6.85495311388866,-13.2116950297251,1.03561234332246,-13.7789556397675,1.04044835530024,-11.2903278082585,-20.5780220491922,-7.54782411219534,3.11847976563045,-0.0461701790327979,2.57196959291347,0.206809359357246,-1.66780140024191,0.558418754024331,-0.0278978765982558,0.354253781525514,0.273328726801416,-0.152908080809092,0.0,1
110617.0,-1.10103546371767,-1.67492805871463,-0.573388195590639,5.6175556662941,0.765556412634615,0.440607080848915,1.93474047501363,-1.01978754945585,-0.19324423129657,1.7837390603636,0.606910821999133,-2.85427542751023,2.37947304553589,1.26814661675691,-0.28361908940932,-0.482192055998123,0.8110054093379,-0.357910684579857,0.752760921550722,-0.0383141473363703,-0.412525822025647,-0.208823118913215,0.344832725150856,1.09143473162108,-0.686512742633337,0.0758089204336296,0.0338647378770195,-0.83285502022751,635.1,1
130384.0,0.0464008623835049,0.810748064770464,-1.69953765704,-0.682044135006637,2.00673703470959,-0.786725382105157,1.3247854956743,-0.175364140271571,-0.609630477853818,-0.54401730822401,0.427013025534167,0.322794058742498,0.0102148705364365,-0.628566280019546,-1.3780582725189,0.132826538830183,0.1539858726304,0.599782430950496,0.211165860218956,0.133481926551859,0.158116400296947,0.573870693400444,-0.139388571997037,0.0673325495187247,-0.267191578815208,0.543013051351944,0.283812457751316,0.183010222513167,25.18,0
9064.0,-3.49910753739178,0.258555160773118,-4.48955807274398,4.85389435139681,-6.97452154477167,3.62838209065084,5.43127092073166,-1.94673371078472,-0.775680092900109,-1.9877731876087,4.69039566550924,-6.9980424321007,1.45401198637847,-3.73802333366749,0.31774206255503,-2.01354268083989,-5.1361351026702,-1.18382211654359,1.66339401354543,-3.04262575715977,-1.05236825623151,0.204816873569406,-2.11900744010783,0.170278608305444,-0.393844118118335,0.296367194488607,1.98591321801306,-0.900451638402827,1809.68,1
146022.0,0.908636658181293,2.84902401493181,-5.64734296336341,6.00941477810058,0.216656395035464,-2.39701442397293,-1.81930788593969,0.338526987742346,-2.81988277297887,-4.06309810827338,2.94119009271712,-6.15136219091534,-1.98952853525001,-9.15095100562097,-0.604289998808266,-1.95229039984463,-2.89255533222526,-0.912057960709434,-1.56373996709776,0.241921294746754,0.407260461266497,-0.397434852530952,-0.0800058534116311,-0.168596545191964,0.465058497798457,0.210509756241616,0.648704799002062,0.360224330288316,1.18,1
53937.0,-2.04260819938332,1.57357807373238,-2.37265243271278,-0.572676430720841,-2.09735276458226,-0.174142123011242,-3.03951978687359,-1.63423295064356,-0.594808638750073,-5.45960189444545,2.37853722491518,-2.33027064686235,-0.24623272486659,-4.05852343611281,-0.316983146603949,-2.52266081131673,-5.60340034818128,-0.778439963776289,0.860211793588662,0.825565985313424,-0.723326195587733,0.501221637302624,-0.696892260580304,-0.600513726439022,0.127547028812739,-0.786072220292301,0.606097322391548,0.171696507911815,261.87,1
71735.0,1.22758789349483,0.418401355713933,0.495835787790998,1.10332428905522,-0.266642220405149,-0.860895991464722,0.199391929558942,-0.260103630235251,-0.138100198496842,-0.0420393589310327,-0.149474870018438,0.899116245618618,1.31356390729028,0.0782845686749157,0.882360170355104,0.114246118025828,-0.548169280069218,-0.322048443838784,-0.382250947514413,-0.0511533279104292,-0.0373783857501247,-0.0256845474294344,-0.0373914333016049,0.414492583178259,0.584014126679977,-0.443634677868917,0.030105533791701,0.028995453514735,7.49,0
51323.0,-1.88276022633453,0.847258913297317,1.17116168981824,1.258650593495,-0.725256182474266,-0.236988658500524,0.303991427585082,0.402220006276368,0.0879898998215328,0.0012636781841175,-0.217383563727165,0.551269082231743,-0.19183868356957,0.124755146942433,0.265043720064748,-0.948465310175624,0.796162342465981,-0.917260744068376,0.274556520841871,-0.161723888155532,-0.181070229280268,-0.154053812441663,-0.254921257438791,0.625842206345212,-0.284308952113981,-0.491155442324059,0.346562921593532,0.0335239692783384,108.52,0
72327.0,-4.19873460983989,0.194120636801706,-3.91758567828042,3.92074784640417,-1.87548574659158,-2.11893292738694,-3.61444510993627,1.68788446543007,-2.18987113590881,-4.68423332514029,4.37690666362302,-5.00744082816051,-1.30474507803596,-6.19247526385522,1.00240426741391,-3.31693430074553,-6.18883415213498,-1.04041264854272,1.23304434947994,1.0033504305956,0.801312235949018,-0.183000576489906,-0.440386862411508,0.292539411877521,-0.144967421927777,-0.251743981877142,1.24941367428483,-0.131524643545312,238.9,1
118129.0,-0.717047901479212,-0.230777187375727,0.671265011403594,-1.05593777084209,-1.48523345115907,0.344567409221693,1.01320971571452,-0.816940904003463,0.129299949707693,1.50115880067278,0.720332976569934,-0.206922608311314,-0.43278164147862,-0.627911388208891,0.199801468782745,-1.282774448804,-0.868408038721605,2.24695695442815,-0.53640407006521,-1.11979158570516,-0.191464129655669,0.686095034508464,0.0372619056207865,0.0644844227244679,-1.04737233406586,-0.43807040005082,-0.784215658897327,-0.399294309698015,230.04,0
169347.0,1.37855899734127,1.28938093711056,-5.00424678441137,1.4118498419441,0.442580635567782,-1.3265359338336,-1.41316995590712,0.248525467627175,-1.12739593417081,-3.23215317539514,2.8584658156696,-3.09691489835154,-0.792532436177748,-5.21014084572584,-0.613803263850514,-2.15529688535221,-3.26711568106648,-0.68850546268346,0.737657217477667,0.226137945500703,0.370611857232494,0.0282344454140697,-0.145640429197154,-0.0810494069107769,0.521874501959455,0.739467256056059,0.389151843520624,0.186636547522687,0.76,1
27252.0,-25.9424344479142,14.6019980426299,-27.3686502881266,6.37839460769688,-19.1040334039646,-4.68480620428185,-18.2613929340355,17.0525663121462,-3.74260500983864,-8.233721369876,4.6648362538527,-6.52566786025865,0.92375858946558,-6.32597461208273,-0.0702237027595964,-5.83836021908828,-12.0616957125199,-4.77334851403019,0.852969608454831,1.66730429040185,1.78431598423494,-1.91775921336107,-1.23578743924962,0.161104731783341,1.82037804128869,-0.2193590586868,1.38878576213598,0.406809649908512,99.99,1
87293.0,-0.527825503423075,1.03801238254462,0.870553403487333,-1.03437135167572,0.980892263237593,-0.317789202802141,1.32084345057093,-0.296049033467041,-0.469021894812008,-0.167817090501378,0.700018537496931,0.945976605727129,0.72888084100906,-0.0862756846208347,-1.02797881149747,-0.0197167519411439,-0.856563692479568,-0.320007667519854,0.388209474355033,0.145067943396012,-0.272577262339156,-0.497694399372285,-0.234496718642866,-0.443898591263989,-0.0668222204649808,0.18865093523363,-0.0124425097905045,-0.0649002261371276,5.37,0
81371.0,-1.27818234175365,-0.934523892745832,2.46650219815458,0.304035930582207,-1.50301002343246,2.06910070772553,-0.829886741166219,0.524110941133061,0.0427293530242712,0.520564626360316,0.507497317217067,0.924356033561744,0.0271648279162129,-1.20788055563629,-1.46783563899728,-2.79046175563464,1.28919486967014,0.788567154564062,0.422690679522216,-0.816555175931638,-0.335785806364614,0.357331295077596,0.130330921204586,-0.211153046020271,-0.697135442488924,0.691128068807507,0.0383485105451382,0.12543732659311,150.9,0
115839.0,-1.10469072471881,-0.42528957163257,0.456658225410576,-3.50184749035042,0.508556267903946,-2.27516903643891,1.36796501028675,-0.358579734386494,1.13905121746077,-2.48771300103661,-0.342472512613872,0.625006035075273,-0.584234541103413,0.500701881684171,0.296963975611067,-0.86256831279335,-0.390406386844053,-0.500858899164731,-0.308477400484535,0.0933733156048797,-0.0121118513431965,-0.355758238858643,0.201920104529498,0.342480864860714,0.262964042552578,-1.31685175242582,0.0539270696859828,0.14613097355417,117.99,0
27784.0,0.288028928428076,0.965681439446855,-1.45949519977085,1.92186300234526,-1.91241402974899,-1.13028190025527,-2.81426265960526,0.648663224885543,-0.695262639845074,-3.46568908576121,2.35161910622909,-3.82670531942496,-0.767569849115369,-4.8528669146236,1.66486300420352,-2.61736133003734,-4.83555830647772,-1.92175160139324,-0.385884175181753,0.330916894188196,0.603127128021142,0.380690182113136,-0.0641251755885565,0.271380100640141,0.33721953478356,0.626155869423677,0.565124825956713,0.305925255390835,23.36,1
131201.0,-1.82422265440613,-0.620020693370301,-0.467198869613807,-0.407000056242754,-0.476089176769928,1.39157457311422,2.4523661115505,0.441657467576127,-0.843092289894088,-1.67094657417863,-0.520258051319495,0.543644236779497,0.502731989037439,0.52045443061816,0.174104109291314,-0.999377756638668,0.706510150359426,-1.9332564224561,-1.0929105064902,0.952881615304257,0.284531513066558,-0.127786541088868,1.24720711755931,-1.15369301506807,-0.0664637176931464,0.361554548201604,-0.209685282339727,0.0606355880608633,556.16,0
58067.0,-0.264868683737295,3.38613996883911,-3.4549969895002,4.36762905773351,3.33606042827178,-2.05391842272465,0.256890458421417,-2.95723544083265,-2.8557972336327,-2.8084555425423,1.84750351109611,-2.4148223375383,-2.57322454244165,-6.5991261303635,0.123470382678038,2.57237180761341,6.60936580903842,2.53066979960508,-3.60265725092653,0.482513022122587,-1.39450379366468,-0.166029306744804,-1.45208118338289,-0.251814670710545,1.24346054282121,0.45278677690471,0.13221807596169,0.42459946550375,1.0,1
6986.0,-4.39797444171999,1.35836702839758,-2.5928442182573,2.67978696694832,-1.12813094208956,-1.70653638774951,-3.49619729302467,-0.248777743025673,-0.24776789948008,-4.80163740602813,4.89584422347523,-10.9128193194019,0.184371685834387,-6.77109672468083,-0.0073261825777121,-7.35808322132346,-12.5984185405511,-5.13154862842983,0.308333945758691,-0.17160787864796,0.573574068424352,0.176967718048195,-0.436206883597401,-0.0535018648884285,0.252405261951833,-0.657487754764504,-0.827135714578603,0.849573379985768,59.0,1
70131.0,1.11923048028703,0.346015445585136,0.0529292974188273,1.19950459897147,0.12236389820254,-0.610260587129079,0.494719777494427,-0.180807871125303,-0.348238801174025,-0.017505854168369,-0.02991767883655,0.508484661801032,0.229278803695699,0.525428568534441,0.924236739110779,-0.31951539831184,-0.0844399824157809,-1.15862934720403,-0.523566970417661,-0.0723382425978399,-0.294821055893224,-0.930083695635107,0.0980045873557845,0.0372746957955236,0.381656593258378,-0.65317716956871,0.0079502228842022,0.0269638688363769,50.4,0
130202.0,-0.234553364686186,0.82231831779366,-1.25887175891217,-0.249474571419589,3.65465572018656,3.36611615310964,0.748248706620469,0.737836748440664,-1.24922875919963,-0.118306647362793,-0.0955632213913095,-0.276030972488823,-0.327773879450708,0.958615652742737,0.93932793929017,-0.836534422076182,-0.215895357021382,-0.24319444842219,0.533988211803822,0.0839396835460763,0.144338294035358,0.299421490162939,-0.223372476171978,0.696045743923162,0.123137932031935,-0.431872221619005,0.166107127767768,0.154541576089003,10.76,0
50186.0,0.672112867640291,-1.21612039181348,0.836802033325487,0.472904686840493,-1.43717391334083,-0.27592187799427,-0.253640324876609,-0.0417217039580868,1.11007282875834,-0.594243178502144,-0.719073246116102,0.807113861873185,0.437151512161444,-0.574371890940636,-0.313038528025535,-0.102956937509487,0.129534295835696,-0.632880591838126,0.373481940930735,0.517635650071635,-0.0598807343340629,-0.526206287311008,-0.170583994596018,0.4980098177548,0.0477320997537584,0.910949963308147,-0.0838051113818924,0.0639451937121225,287.84,0
52433.0,1.21468709816127,-0.333026614043173,1.06659412755014,-0.0420892626476865,-0.961936624369569,0.0598427740840272,-0.785062170756448,0.190604624855224,0.794022855087818,-0.22740268116309,0.82397406581611,1.25252366744517,0.450643461379395,-0.356169069284051,-0.426066630076625,0.435094926872954,-0.470290581888814,0.161659779428691,0.647329654056926,-0.033184950800022,-0.0889584248259754,-0.0577862204684281,0.009783714644739,0.0971213253616347,0.143735592140975,0.992646913896042,-0.034059513057212,0.0022719797060568,0.0,0
96717.0,-3.7058559456413,4.10787318567637,-3.80365599543613,1.71031444791959,-3.58246604635748,1.4697289395611,-9.62156012711908,-11.9131046925977,-0.322296771337166,-6.62569249371823,2.17523030559549,-4.38107755793604,2.06329870945929,-0.673818453194249,1.40076321660287,-4.25492662033392,-5.16021301572915,-1.30252591599748,2.59445276115475,3.63960274068724,-5.49877168010629,2.94147540326902,0.916235852911927,-0.25550447969595,-0.18383483865098,-0.584538952417976,-0.315483570351021,-0.0972228121259146,1.0,1
59945.0,-0.699142229753827,0.319289595269449,2.27845203022123,0.736121484704532,-0.684040296979191,0.742861575948975,0.375170074937698,0.367697700829766,-0.234212212965262,-0.523237724919016,1.25918480741567,0.922432176099527,0.0919437709585287,-0.153965956681814,-0.109443311640124,0.0391761331634542,-0.319883020169889,0.379760057248131,-0.49883172612044,0.183524338894827,0.371672222565346,0.99361821420024,0.0857133332530905,0.224879652470941,-0.0327200779038556,-0.288623285445434,0.0908484667502029,0.074140471733316,130.0,0
77202.0,-0.356326154090313,1.43530513012275,-0.813563965472736,1.99311717679272,2.0558775401316,-0.54357866590526,0.487691066602944,0.0854488054265826,-0.536351998021526,-2.23120932812687,0.273983570211148,-0.535839387011391,0.595677221650834,-5.14182349291966,0.732366764261792,0.623912780633594,4.09098324669186,1.63408402811385,0.26084733041578,0.303261648412104,-0.312862941766726,-0.687873797330169,-0.267002508610821,-1.15848006325515,0.271459963711122,-0.155397186179697,0.114328416432227,0.101525594435204,1.0,1
169077.0,1.8481638602535,-0.677339124434114,-0.588953461447895,0.115014326020658,0.0547073828471805,1.49171668533961,-1.00256541542978,0.588073968915635,1.3618728945427,-0.10619362959264,0.645104553686541,0.798373988519952,-0.685352282165885,0.197856718476362,0.668869038430306,-0.382088250594451,-0.10734777002433,-0.351049390505788,-0.768409324526707,-0.334393145531925,0.276036231498793,1.08959476923912,0.121924820063271,-1.62728214979484,-0.283552192960745,-0.0985249268226103,0.0818178837076685,-0.0652242489561025,9.99,0
2162.0,-1.76279194655767,1.38793847324202,-0.896281576897078,-2.65893729300144,2.22987740064676,2.99445224796035,0.116367086211614,0.71915062508543,0.873319658065749,1.10636328342546,-0.0999494236664364,-0.217966872997479,-0.100270014295962,-0.314355400730819,0.688756517585276,0.654227776564086,-1.23446115694458,-0.100876835805989,-0.403912957494547,0.428689183665103,-0.202855390888034,-0.479213508610244,-0.0018969150680666,1.02436359220795,0.0316049491175749,0.679564191637301,-0.632820368228052,-0.226928279213177,0.68,0
149582.0,-4.28058383167792,1.42110000741665,-3.90822884348162,2.94294608011161,-0.0762053360306411,-2.00252600045019,-2.87415473251562,-0.856005441485914,0.963674230223562,-3.23543895742654,3.34180192747217,-7.56286042898412,-1.8474434271558,-11.5714234295766,-1.4815558418284,-6.18091869945618,-9.28518598266033,-3.92172214129965,0.685510860299876,-0.198962780003302,-0.140061995134615,-0.90772022005271,-0.680107948583095,-0.349169892929711,0.0562758915123628,-1.14992266869478,-1.80988612030864,0.723051433275673,1.1,1
73975.0,1.42838047845435,-1.11442790263196,0.781875226149757,-1.19655005894122,-1.71756657572692,-0.498020695661232,-1.13327542681648,-0.0253116630806725,-1.73648476734545,1.44425066210134,1.11045796241487,0.262204023768072,0.447062048106462,-0.501259028042119,-1.30899022251197,-0.704919572569488,0.713023674507154,-0.0351107649966682,0.389673110389607,-0.32999426294482,-0.379404155193998,-0.583245986296469,0.11876762206357,0.510080800801554,0.278183126788632,-0.362249414842063,0.0439372042471334,0.0154192623385854,14.95,0
42137.0,1.15410420405426,0.103748261222035,1.41912173412975,1.3347316983302,-1.04530681547347,-0.475116610564638,-0.48746869493765,0.0003871161882487,0.617578560304086,-0.169351435492476,-0.231471882006382,0.926318953169086,0.835863803783784,-0.384152951565264,0.51071743860221,0.13785020800402,-0.332309606855341,-0.134037274378969,-0.490719508250182,-0.101388821299462,0.0204599386632006,0.261875030537357,0.0318797373320902,0.727676182735891,0.376055574033155,-0.421992361982272,0.0762438263965741,0.042756895471513,1.18,0
136304.0,0.0005231426476038,1.062068819668,-0.22583381207258,-0.594526117510734,0.93089418681341,-0.785104620908079,1.22346967422511,-0.427530914221071,0.282163722756852,0.226070125006345,-0.849792464745051,-0.0865752636387839,0.193649520240628,0.0900107285979431,0.527046980283812,-0.515683367516844,-0.638717582023215,0.144420423619416,0.0410288380891067,0.21823572772576,0.280363024002172,1.29617030692192,-0.139226741743624,0.773525193345705,-0.734822820994688,-0.277862979241006,0.449639485282426,0.165540373489942,1.79,0
146778.0,-3.38203658613037,2.04321445541914,1.69996820672612,-1.27562909583489,-1.37443615850524,3.16048202603884,-5.16627915250948,-10.4669884326261,1.47396679294104,-2.25767086146218,-2.39934048333126,0.742061851434578,-1.65136701535398,-0.298766674231662,-2.02934986352515,0.496277145078597,0.584129655115663,0.198115862195932,-0.347494532268916,1.34274750808147,-0.796266091091967,0.535591822349561,0.450394952524471,0.57451342994648,0.187076459914979,1.37801958166866,0.131998897762618,0.0373855320314572,10.0,0
142423.0,1.90197475864305,-1.3020404586151,-1.30473823911949,-0.810432468215366,0.0509584841063097,1.65243755962877,-1.05302753014042,0.539212194936565,-0.199246999257091,0.894807385460883,0.388863246164905,-0.0451744048520374,-1.02804533371614,0.413938737996843,0.472970078017453,-1.74380150973092,0.239392007261738,0.555993046576431,-1.36035112671683,-0.591847031298254,-0.260415075368616,-0.300136664737219,0.280815909938882,-0.981526369944713,-0.579649639355158,0.637930771502164,-0.0127492827776839,-0.0639551476723837,74.2,0
64487.0,0.867743020022356,-0.529447088777671,1.63307036344149,1.42532226049781,-1.10413694865921,0.980264667624457,-0.996000977090484,0.460776302620074,0.851160354997975,-0.119197594494404,1.05616806817561,1.53766413408204,0.574956906568553,-0.53442131204193,-0.352338850847097,0.139368165384823,-0.3134540086294,0.330901608578835,-0.538108626582831,0.0616024208825856,0.312290853782719,1.01338676010507,-0.176081002203209,0.0713471274473802,0.350055838186735,-0.172528892109266,0.0976970000704434,0.045449206462748,95.0,0
64451.0,-1.67604741734485,1.03837854700777,0.856833762888863,0.522748856539481,-2.86443148998071,1.93090715585796,-0.965372587305539,-1.92069028928786,1.13267446774892,-1.40833515120275,-2.22359729548684,0.720101894365815,-0.221342045550836,-0.620015720296381,-1.82134742974568,0.0349527134319999,0.503736280880483,-0.0289450834912988,0.538574316305672,0.0191018574230902,-1.34140532546798,0.829230525835823,0.173610806498475,-0.0321377818567857,-0.412405238418026,0.451677954373724,-0.502903992673105,-0.40881695883085,278.0,0
154493.0,-7.38154698606367,-7.44901515872674,-4.6962865237175,3.72843914957409,6.19830434711234,-6.40626663445964,-5.83145156036761,1.45717491941563,-0.6462025802667,-4.02912871953916,2.52894302060173,-3.308721722205,-1.99200968898389,-5.75721608217278,-0.877323474271716,-1.54755182348258,-1.90901678581052,0.500567470429737,0.136722438174659,2.93275812573212,1.17657484784395,-0.978692051214679,-0.278330343454922,-0.635873793806618,0.123539440325404,0.404729308452323,0.704914653621431,-1.22999168169143,35.0,1
76057.0,-1.32859242154595,0.516381478783798,2.20203527723622,1.57473102215357,-1.13406745952169,1.22901733823042,-0.107359328793067,0.90231122127979,0.195256901744444,-0.653010089038272,-0.121890042058246,1.25797082964365,0.0107424662835568,-0.485029136933043,-2.13704120847169,-0.804818857364557,0.624232344628738,0.306330405860793,1.93806936340405,0.421911989863484,-0.137597930945969,-0.234972076149983,0.0484745563347613,0.0235917545238963,0.469677069004625,-0.226114285821715,0.225706141725853,0.073679100360068,140.0,0
160429.0,-0.205348770658834,0.643129331192988,1.03166734839548,-0.718434859400659,0.225053920564106,-0.797834682324314,0.672695636013627,-0.122463072299433,0.0346309758500701,-0.727666104357161,-1.1282136955527,-0.0555112562666537,-0.0005247481680583,-0.0487037234803427,-0.130370723670098,0.124273198132933,-0.518689335006633,-0.204750819128011,-0.151618348702839,-0.127650127714275,0.0826338371973368,0.333202838761571,-0.115291835453454,0.0185129945330992,-0.619084719785972,0.465170186903565,0.122057637666427,0.17579112001555,1.0,0
59202.0,-0.858120677947616,1.24776495025635,1.31402567941232,0.0446110355373275,-0.284507707305429,-0.6641746093662,0.323297427860168,0.439914511619792,-0.694672451549175,-0.604193767129722,0.0844076530461772,0.674958278281964,0.713662540577331,0.370861736179635,0.963005073484397,-0.0985489357821887,0.133035844857152,-0.951290040708785,-0.479222365805503,0.0163653446249021,-0.120917730413912,-0.378718177990015,0.109832159786559,0.398701202799921,-0.260581611595369,0.0801572071426587,0.159973758313985,0.0532772400074621,9.93,0
43177.0,-1.83042157948254,-0.827319659610073,2.01600140723607,-1.525369738847,0.837544523038921,0.0447303937525153,0.335489073333842,0.273301235748097,0.580714817768432,-0.93803602208853,0.860315972139067,-0.188616990236881,-2.60974979156606,-0.0043919026762992,-1.30091005798601,-0.154058376218985,-0.0978793006984735,-0.89192286508127,-1.41566941868996,-0.29900107237233,-0.0492172878005517,0.0095240964934184,0.0994310227719988,-0.266695945277529,0.375903974777014,0.863704700383924,-0.35288268470913,-0.138012280751251,56.96,0
151470.0,1.9863529624365,0.1944761279351,-2.23613286426077,0.72702747988822,0.613993900078382,-0.877404720288964,0.248633160344174,-0.189135378729432,0.92177218482923,-1.03327295566,-0.519279244083815,-0.156363575120372,-0.660902667791331,-1.89723863991859,-0.0461833930353377,0.0463874071401983,1.59137165673579,0.435962200857447,-0.0954200810173906,-0.151267300279946,-0.169864480874697,-0.291051107286303,0.0804576301538887,0.423636647216905,0.180649278555822,-0.318081223188169,0.0072284201207036,-0.0008450815198296,30.0,0
149640.0,0.754315925858731,2.37982185248504,-5.13727449343089,3.81839172249665,0.0432026520139663,-1.28545137361934,-1.76668362059541,0.756710661816359,-1.76572209782095,-3.26300672553831,3.59279683214404,-2.77234880583364,-0.0745336542111445,-6.28109364908023,0.165978009089423,-2.67917124597012,-1.38555652893852,0.249056748544312,2.3534526931986,0.369662961829814,0.397057600980957,0.141165218358707,0.171984534755456,0.394273775761011,-0.4446418368392,-0.2631890643687,0.304702950350999,-0.0443622747894533,2.0,1
107425.0,-0.0075316636872791,0.569646587725181,1.40600201331194,-0.715872586655798,0.48504351659577,0.0037561608382776,0.615302768979504,-0.45799844778442,2.01719024285013,-0.491111792225726,1.76570443834962,-1.63089035436944,2.09687114585568,0.973942576177232,-0.729754112875014,0.234322422946643,-0.607056601595902,0.796926823926807,-0.195131596386409,-0.0875827908464258,-0.21983421783129,-0.0708056630447163,-0.0194129085673234,-0.506429428337748,-0.702552697424646,-1.11603623023972,-0.488843493836831,-0.394033263218895,11.27,0
143076.0,1.93992558254789,-0.322162143968392,-0.0292671988615409,0.623025108948846,-0.934518051946666,-0.835066876755476,-0.507357598960301,-0.157575400828227,1.26792061010131,-0.200844849279981,-0.416025479086072,1.23063768788892,1.17923470705864,-0.39835326348802,0.318432951451185,-0.103472967869956,-0.408682192247433,-0.0810439035192879,-0.40168213415959,-0.156429532249722,0.236688792795275,0.9881609885151,0.155029500228937,0.51642947824326,-0.116005427972587,-0.245503106880826,0.0491825142581956,-0.0289953267619914,12.99,0
136717.0,2.18514582087536,-0.815317812998219,-1.41735745759207,-0.873373159588824,-0.644966767062498,-1.36633492443978,-0.318833119241068,-0.392937877253346,-0.41846096732751,0.889334795921817,-0.875491819748169,-1.04224035588656,-0.474343269795985,0.16665610841831,0.41673689536327,0.959657376339198,0.136491564600368,-1.16429352742547,0.474999169259437,-0.0218113733983236,0.430841689489384,1.17555131175904,-0.046021834099147,-0.0666789318250973,0.190341696356228,0.0753198399209374,-0.0487185045365802,-0.0640435318042734,40.0,0
141095.0,0.871410183901087,1.35872792119387,-2.88349554702558,0.0343953453305863,1.37168336914435,-0.842480209969733,-0.0833212072700912,-2.96017901433372,-0.817785768444245,-1.79649339660077,1.70773014217966,0.920150094230534,0.0562685358703332,-1.95236279839086,-1.2392682733723,0.836098688657733,1.82961956432285,0.946385355346975,-0.759406135505652,0.53620330688335,-1.25719093821789,0.53636564167944,-0.0316148254204343,0.593511351926582,0.638153282019809,0.584481416888035,-0.0496782061183382,0.150952483501544,0.76,0
147962.0,-4.25164819101439,-2.80151972937621,-0.713996986308395,0.403558406208276,1.97764879776698,-2.06548513175757,0.79615025088066,-0.458802984382957,0.518710025292428,0.25848101267387,-0.974543763645213,0.453958690069746,0.85730074181977,-0.277731510962292,-0.371244389498073,0.06178600704817,-0.557320210195923,-0.8217227614195,0.550102438878486,-2.07830493246716,-0.880909538274624,0.186534897228256,2.50226577746851,-0.0510924374049227,-0.0689301620830699,0.25333535272952,0.262927155911697,0.134776004148549,55.41,0
109950.0,1.91031239125946,1.29399525627765,-1.49864216057933,4.37769509793634,1.00692170248289,-0.74525370949898,0.365352906218335,-0.248486207215772,0.234218385560938,-0.0559355508986137,0.519640351090958,-3.29565683351959,1.2533941932143,-1.02596924325467,-1.31370239006778,1.66313713181856,2.13919285240095,0.71069397773348,-1.92140626322456,-0.274485105499143,-0.581973162628988,-1.40563984515202,0.319727690592769,-0.410578241019119,-0.278224419990522,-0.377513169054752,-0.0316698616118971,0.0104431875000021,5.51,0
75803.0,1.10402110530397,0.0683987625668273,-0.0407379276333593,0.860546146861057,-0.0400319338247139,0.1750084467212,-0.262475365601248,0.219732485985558,0.392850573364996,-0.648502117836414,1.19377019883762,0.702243884134487,-0.527290365350129,-1.29349970830344,-0.623569395321839,0.11992250218994,1.06216989489712,0.229744072836295,0.0337488897380225,-0.0688147352421397,-0.115750293732035,-0.144651375032209,-0.130336101821523,-0.376623769445195,0.471390291466284,0.443267352810903,0.0083971089650963,0.0284424985757828,29.56,0
41751.0,1.03649399525098,0.111472947505569,0.328891854047043,1.20237604378531,-0.290497979361994,-0.651059940008072,0.263853205557848,-0.150388826787888,-0.0939781822409055,-0.0719320945920971,0.167802930081795,0.531362239893265,0.210341248565019,0.398662249850424,1.12655721838728,-0.342001293202038,-0.042744388279047,-0.726038427518484,-0.877321707697648,-0.0189529130578771,0.124246843257045,0.285018781434971,-0.0972231229311215,0.423978669831753,0.553678660112737,-0.327679655350813,0.0185787609194186,0.0336448298244954,77.83,0
33141.0,1.05401021617672,-0.866664757313578,0.0662869579914969,-0.309153995301905,-0.926510740736376,-0.708050082506171,-0.0202725827217044,-0.282313942732501,-1.01234446923573,0.476894902925858,-0.0311216378675978,0.764523218727409,1.22569296890494,-0.122370232879321,0.0789695499849227,-2.21892934337448,0.651858108539184,-0.0691958033400216,-0.999890095762078,-0.169496621030596,-0.297415979143624,-0.496968387246749,-0.079465721317374,0.485532751319956,0.3006374469051,1.08201653189457,-0.0724339210201249,0.0260433758841197,154.98,0
120246.0,1.89475362118304,-0.252269862126482,-1.72167895915683,0.446299929267949,0.399495873811974,-0.101174177063309,-0.0980092080705367,-0.0120850965472851,0.540606213879302,-0.285862217939266,0.292073101912308,0.470014327772654,0.0974017130352444,-0.972918318596576,-0.202288270202146,0.936149959083444,-0.0505395473644414,0.911577345765312,0.290853911968773,0.0098372699233443,-0.0780493493868984,-0.243776305094478,0.0006118473867388,-1.2393193958877,-0.136973141658725,0.265226242280961,-0.0399240758346716,-0.0343780123143516,81.7,0
71662.0,-1.01518828481734,0.930867598452001,1.24240984535961,0.951651679616535,0.0292183144520947,-0.262304926641853,0.320290029218534,0.411362392688346,-0.936313650898563,-0.623505304526912,-0.322033206667338,0.52435875282618,0.93084935830076,0.442558682557635,1.26869554519594,-0.46164682143395,0.212046597948716,-0.223325813642523,0.0151860592722487,0.107638588262914,0.339704607823268,0.807970124078393,-0.144772148808714,0.111943789096103,0.134578263810438,-0.163749651153636,0.019798995899492,0.0154104959674564,47.94,0
75581.0,-2.86636370525907,2.34694943137396,-4.05330668845935,3.98335888025187,-3.46318571327039,-1.28095301603103,-4.47476383461874,1.21665528478137,-2.30982869782019,-5.51550707258062,3.04839203447565,-7.12825076846601,0.0059558009251745,-7.49518733635876,-0.25108802193356,-7.5680148993231,-12.2236328477344,-4.89517519350497,2.52496746940249,0.270013154062001,1.04973156228305,0.475840283409025,0.404480059350581,0.282029789710327,-0.506901095688855,-0.371741093052833,0.615256964379468,0.803162841917988,124.53,1
79157.0,1.31806535766092,-0.61345895609165,0.304633044529447,-0.421476791190611,-0.986628856134637,-0.854190548104835,-0.342662287198974,-0.262913557564547,-0.626589447510546,0.467299161229914,-0.494403312797334,0.0118982788970082,0.725957770996553,-0.541728346214506,-0.63871673318425,0.444040353029606,0.678705883347849,-1.83016012773263,0.919398310493952,0.179261228548261,0.087557978919168,0.293527700813457,-0.152475910649735,0.457701406831197,0.695271328501331,-0.15300858731095,0.0020003853584434,0.0178738014456961,55.0,0
139740.0,1.97685841558746,-0.506390481248843,-0.387472067009295,0.329192310771136,-0.64625711819999,-0.0923303865332115,-0.784912673301804,0.153928584524739,1.3706836972651,0.0369514262068237,0.20723122700874,0.595453144717927,-0.720920361174125,0.12905846808222,-0.10972642527082,0.408411693711317,-0.843935910421174,0.974487567777364,0.181900531763161,-0.268684839883477,0.260539479691509,0.967615975700565,0.0395278700885558,-0.39440310986834,-0.0495478199434243,-0.145868236555532,0.0337184510538069,-0.0547957886349593,1.0,0
144692.0,-1.55034322502398,-0.0436760722000082,-1.75761734320509,-2.82385885222053,1.28749588587809,-0.744834239582873,0.615989912373485,0.0700785344228,1.02257544762625,-0.904006280954319,-0.0667531154617256,1.16218686814657,0.533115306903572,0.442122793315065,-0.636834806726548,-0.526298182663919,-0.760330037821167,0.712920969609789,0.920598110666078,-0.806959798819628,0.372290871026503,1.91142825610522,0.2986687633181,-0.0745931953768701,-0.163716121947891,-0.032977574598385,0.133061590661485,0.0587501660440272,18.4,0
69851.0,1.33226153247026,0.515372321055206,-1.00702864348722,0.398491132418771,0.777826442883544,-0.308176154324006,0.266058292992821,-0.0848865177142488,-0.329549988145296,-0.426988976092005,0.59939310783226,0.176584693370287,0.128890606117939,-0.90542846734927,0.332805987637519,1.04981236650025,0.068516281988051,1.07406431710186,0.478101458861916,-0.0204282586631097,-0.175476488773759,-0.477543982714188,-0.259984013630546,-1.11659412755942,0.723587534463672,0.435491246570084,-0.0394083207841116,0.0127349293275602,0.76,0
73376.0,-0.93047342473924,1.07434090912193,1.29963214091613,-0.865172853380171,-0.363690761098135,-0.49255517237247,0.305100782753893,0.108635774486514,0.474768254996686,0.249263995076949,-0.167424978430402,-0.212059063390816,-0.413453074570186,-0.0779496299750648,1.38767410838248,-0.0154907415853836,-0.073359987824454,-0.695557289250055,-0.277134028508672,0.309157401295195,-0.131235315688332,-0.195235686470587,0.0297082809631616,0.10520387469789,-0.251049249884025,0.909408953688254,0.283096233081638,0.202969128976916,7.7,0
37794.0,0.766878507018257,-0.555936901305557,2.15233792115565,2.91779769145885,-1.01203904493504,2.26738244151786,-1.37509361415083,0.83848523967523,0.830679481897837,0.274273303340823,0.551594860126889,1.53081984938865,0.119084742642183,-1.07982418652483,-2.12713030630959,-0.289652830713262,0.381935543429706,-0.522138712424159,-1.00741234606719,-0.0552245989077002,0.220794642769576,0.99674897035239,-0.138043591485763,-0.218261582548851,0.276623366452615,0.283176077856334,0.111391028763627,0.0367735153461253,80.44,0
36556.0,1.2879438381484,0.807169537921616,-0.208933789928739,2.27978308755773,0.704598872553257,-0.342406856613534,0.622447116342469,-0.29108494089352,-1.15890507876959,0.70684286920169,-1.10044346697786,0.170570992612352,1.17627692326742,0.257304601817887,0.149879120315118,0.5231573451281,-0.842271637914159,-0.359064137437903,-0.578536944143663,-0.0695122671602044,-0.0575324333285896,-0.129683933524866,-0.221658242772222,-0.427543327832704,0.877593768146082,0.11716881234565,-0.0339119454587275,0.0039120095541303,3.62,0
41743.0,-2.14441147422114,1.0734990949761,-2.77366294436956,1.38439373061694,-4.01547712730958,0.747235431622141,1.52563753547227,0.192987836205386,-2.43186196584916,-4.15583783449678,4.35477463025116,-2.87240010922107,0.468875462284219,-4.55566674751092,0.699671492981511,-2.90114077639634,-4.67466711122835,-2.21362325223921,1.29616504982889,0.668123787084126,0.14465327974064,-0.885681640451265,0.625098628062992,0.0965268919194303,-0.189454895625625,0.532908314019749,0.423044721673666,-0.210266310409715,802.52,1
47982.0,-1.23280412810524,2.24411874456383,-1.70382579275654,1.49253586483501,-1.19298516971563,-1.68611021267902,-1.86461150490967,0.856122313785725,-1.97353527775248,-3.94238290411726,2.40165068027699,-3.39426561777896,-0.145161724970334,-4.32979551307589,0.758760885824274,-3.19904647594093,-4.48018356526203,-2.48566878350317,-0.0958074336903356,0.207889301735382,0.560475065574211,0.165681717805126,-0.0137535165177887,0.474935180269258,-0.218725074414735,0.302809125708237,0.46603094153746,0.250133538809307,0.76,1
70229.0,0.315641749332386,1.63677796226183,-1.51964988293973,4.02857099852445,-1.18679426720391,-0.789813099852487,-2.27980740468004,0.472987926704315,-1.65763500271185,-2.89499040084744,1.60198538284757,-2.82494562476694,1.26920363552044,-5.59136368933409,-0.974827287131074,-2.73779549628906,-4.9615343155062,-2.22479740778771,-0.136117269757132,0.388884849068478,0.345920750226663,-0.1080015945344,-0.165441941824109,0.279894580016653,0.808783092569154,0.117362632970147,0.58959490284462,0.30906407378289,3.79,1
163324.0,-0.104239654141805,0.763091604937429,-0.857881705757777,-0.846047741250787,1.48816597302343,-0.0433590969079364,0.748376483825652,0.105132815028712,-0.0516703734410038,-0.523410097344804,0.0185937667112254,-0.12650473746082,-0.599233373255986,-0.77881032699626,-0.770731762083417,0.842577873863455,-0.213009983229515,0.684958295276602,0.454581568571726,-0.0223283683278222,-0.357089523603417,-0.947231198665056,0.134076138849191,-0.476810841235085,-0.31540183498663,0.151877787906174,0.0982543855580261,0.0458574485887759,3.27,0
162849.0,2.03832929239059,-0.11451040784649,-1.21097497277636,0.198567426455453,0.147861613193759,-0.573655110867921,0.0649416900977867,-0.141619918059712,0.294073587488145,0.23153298490015,0.666460413859497,1.06321312499261,0.134923216132494,0.435961727706647,-0.593694448624804,0.144812282027091,-0.63258894815576,-0.343971041033412,0.513461006773234,-0.200555644546134,-0.256774216427959,-0.629231976334023,0.283939966534073,-0.463624047044594,-0.287350795928488,0.208021124210715,-0.0713500469238477,-0.0744957437179185,1.98,0
165440.0,-0.0104602623302971,0.788371991840526,0.341408366982121,-0.686441625379051,0.421462757608701,-0.771566529393196,0.872696198803551,-0.0198401639792643,-0.257374757198924,-0.239957887911752,0.837050464217455,0.684220884120079,-0.450136512329568,0.390413038110425,-1.02356588489543,0.0366859246361763,-0.551940489480096,-0.326069804892598,0.10446719668555,-0.061664356174726,-0.202130611608392,-0.448714908039153,0.0766350058336882,0.0013385742858883,-0.55814198643272,0.121939560444771,0.244634004158627,0.0866585758318176,2.58,0
59777.0,-0.648111942337018,0.417961821783315,1.37705372552314,-1.20971438424031,0.0395312849248888,-0.598933804693362,0.724930811039147,0.0811222446457708,-0.400447650307755,-0.680929885325314,0.687057779854054,-0.164825310614721,-1.267353185064,0.505028155326599,-0.173293538629296,0.883703847464268,-0.94567906436886,0.358092094527509,-0.269501970841276,-0.0401567027857892,0.0242430353522422,-0.212063491899453,-0.0145716651269223,0.0146400594330271,-0.316904284142738,0.704378232406422,-0.0269000637494563,0.098337434886348,54.34,0
37758.0,1.16046698497217,0.0479525616292384,0.560249893539334,0.517374901644333,-0.471829936771768,-0.351722323657702,-0.220200795012235,0.154795508119906,0.0010317409275742,0.104398626927545,1.62382298097785,0.391060728655277,-1.36596048822046,0.782876163818415,0.737320790781514,0.219399066155744,-0.233189174287451,-0.373630189662925,-0.253994913095434,-0.221102966107737,-0.182960116024445,-0.605675224964855,0.198064205069143,0.176676485739603,0.0354886165401831,0.0994410077691268,-0.026025292204381,0.0040331890379127,0.89,0
156850.0,0.450484868347712,-2.91661490808266,-1.2541165968588,1.01369372337897,-1.5624980124062,-0.45635288655503,0.488717042333753,-0.25260225385222,1.40651427974852,-0.556240046252507,-0.880373358670225,0.0731905610168704,-0.504121077478457,0.355973790149635,1.30025285035261,0.240676555907067,-0.54374890014132,0.540390849275898,-0.651852234509008,1.32795692858366,0.705137597911001,0.395831229241926,-0.560210205538179,0.0077411237933374,-0.397300472703965,-0.640984461035311,-0.092733324439708,0.103584659259512,800.0,0
122271.0,-1.44192611219308,-1.30692281614128,1.33536813719314,-2.11616915550644,0.953509307999836,-0.853283899938177,-0.654643746605679,0.138491470620806,-0.791674854655147,-0.0622606158641569,-1.06517313005918,-0.277654156736283,1.60625221341908,-0.879002694727719,-0.150303676377658,1.57783009846947,-0.482457242292785,-0.834411956895054,-0.256642738394387,0.753790475275363,0.536324386293819,1.12961609870881,0.0474850868558539,0.526636650161536,0.293791796164538,-0.146342849132357,0.286985214012043,0.221944854662766,72.0,0
57163.0,-10.3630494651588,4.54367201286394,-9.79589773551539,5.50800333404763,-6.03715599427489,-0.133492972364907,-11.7243461176622,-3.19834557193323,-4.76784222430147,-9.33212806886128,5.2241240042156,-7.74312234505579,-1.56034320038539,-7.14041803349475,1.18597782557697,-6.59870406570123,-12.1205390025684,-3.90409153348034,2.51343040062446,0.924396179705582,-2.45714487251707,1.68725664165106,0.977178353536712,-0.543368976583511,-0.289124786926125,-0.107586425389056,0.330641897772597,0.163577149556086,1.0,1
166752.0,-1.23682093279915,1.00050979594094,0.212540029162149,0.933160858096009,-0.366623267670313,2.07442346958883,-1.37402959001955,0.533117990446072,-0.0594371579765381,-0.255862188808844,-0.587048445769177,0.523319149797231,0.586356555557822,0.447724664443971,2.32676846787651,-1.44659585397416,1.67880964270845,-0.833052919547916,1.34996393644287,-0.376356989708695,1.19108003347582,1.17482216066632,0.385062294938117,-0.259844991670007,-1.1302982812644,0.994535323815609,-0.11047423650073,0.0406657655340067,28.75,0
11092.0,0.378274504006009,3.91479678866992,-5.72687201536627,6.09414095882864,1.69887526405022,-2.8073139468834,-0.591118212837213,-0.123495593086659,-2.53071281390832,-5.15309460989926,4.65408842254301,-7.83953899762349,1.37181858033581,-9.63468971263612,-0.739596855842826,-0.663203945673478,0.891934540534899,0.978675639075006,-2.00547660274646,0.440439440893876,0.149895683076911,-0.601967245529085,-0.613724335539499,-0.403113687819411,1.568445255978,0.52188393400233,0.527937749881352,0.411910405834512,1.0,1
76120.0,1.12594373873715,0.193692855272273,0.535788537348249,1.00266065016437,-0.28205328013017,-0.224861383695743,-0.0998151553533456,0.115429002568769,-0.14147123944199,0.13554273441755,1.64322265071405,0.777699011783705,-0.635541843675652,0.675404123438691,0.617498152621033,0.0439513290484999,-0.343469203516028,-0.119783895782991,-0.515296346677224,-0.194329565629098,0.0344700043875158,0.0903544605983903,0.0264693713524574,0.203575623867737,0.392810829816311,-0.437906913910916,0.0312116628820299,0.0135751947474564,7.48,0
142840.0,-3.61385045502803,-0.922135693038651,-4.74988736419275,3.37300132781874,-0.545207025424103,-1.17130106266974,-4.17231457141019,1.51701594293521,-1.77583268078792,-3.75405392305562,2.73157578227581,-3.48937464729063,1.54738008909916,-4.57126773103714,-0.517958568740869,-4.23908653141223,-9.25063451000699,-2.4348278029986,1.98738627690236,-0.320540972806239,0.7867870185412,0.893064859228385,1.03490656705841,0.097671080445461,-1.34555112500186,-0.788328913242689,1.05544197476733,0.0999714026087802,144.8,1
65728.0,1.22761441351286,-0.668973794096954,-0.271784826118016,-0.589439741635524,-0.604795004349645,-0.350284967097775,-0.486364540645055,-0.0108086285956747,-0.794944156080669,0.264544748886681,0.881268050432366,-0.324703760782435,-0.263263800489225,-1.11273543930467,-0.540849503339651,1.53341124817574,0.831442610720144,-0.473346676550517,1.19012126352217,0.273799209937263,-0.0260547222626376,-0.295254768133076,-0.180458520061445,-0.436538663158256,0.494649059264358,-0.28373826696629,-0.001128278642713,0.0350745013143425,98.01,1
7891.0,-1.58550536691994,3.26158454822833,-4.13742198305023,2.35709625199132,-1.40504331370135,-1.87943719306477,-3.51368687087654,1.51560674568816,-1.20716636120056,-6.23456133227108,5.45074606689486,-7.33371406736393,1.36119332407831,-6.60806825219469,-0.481069424899829,-2.60247787045261,-4.83511205239717,-0.553026089102902,0.351948943356815,0.315957258937511,0.501543149467536,-0.54686881157389,-0.0765836358993043,-0.425550366841581,0.123644186352002,0.321984539336613,0.264028160503965,0.132816719764592,1.0,1
86226.0,-2.0997462196885,-0.971440740495413,0.759720411644863,-3.41617592018784,0.286765454367204,-0.0237744526362896,-0.0274551646108812,0.899155461293656,1.66519742229277,-2.84922261663603,0.52575557303017,1.67771089750659,0.143761257848811,0.252342571022717,1.17945750950671,-1.79751805682709,0.932074618388974,-1.93833481126656,-2.153848575033,0.190986352868513,0.41405166083673,0.974267106407421,0.234275632241926,-0.619667081271495,-0.0498762101546326,-0.992758385976769,0.329842741194025,-0.0162021671711956,130.89,0
74530.0,-0.412123545804304,1.13397039319332,1.58572072152744,-0.0443223660801805,0.0284065730746981,-0.860385025629433,0.798367625857,-0.136408446459442,-0.580397041915612,-0.350030747885792,-0.195849805445342,0.594470012633741,1.24773772547792,-0.100010111419447,0.714935231383423,0.143231413236144,-0.464472785301324,-0.499404416002239,0.0067026115259253,0.178491833393653,-0.213390845090095,-0.495794596199121,-0.0328893880752101,0.393777249721332,-0.151661245182654,0.0673606343199516,0.272654041291663,0.123626764357719,4.99,0
164622.0,-0.826742229782663,0.830556765353308,-0.607170402159488,-1.37790808053077,0.910232201309474,-0.789128568593171,0.733803793967893,0.432217912980413,-0.0873567965562763,-1.97410872665977,0.713437665122803,0.939040023820119,-0.148092143086908,-1.11932843228362,-2.05831232365937,0.731105899884678,0.407157095618961,0.590530580751407,-0.94283006028988,-0.219837899740395,0.0161030506520626,-0.130056943732736,0.0829726198008665,0.635761026601483,-0.594739630183122,-0.477549862330192,0.0447256181818233,0.142461244221663,39.19,0
135455.0,2.23713524363822,-1.43470133180948,-1.0363594592034,-1.67086030183675,-1.09201014525569,-0.297714360428815,-1.17345229680071,-0.0232846894163565,-1.43957459960149,1.74447030453545,0.674480250662504,-0.357783805446757,-0.154773068795305,-0.100858273648045,-0.780872173886352,-0.45151952174998,0.345276642041296,0.33790803230528,0.086534923493026,-0.423564002441782,-0.114696571249644,0.0861594403795838,0.260053420004366,0.674008156830295,-0.217837785494165,-0.210499742387978,-0.0016682095228434,-0.0540237412765994,25.0,0
54846.0,-2.98646550822273,-0.0008912294816884,0.605886830263541,0.338337780759695,0.685448451171472,-1.58195443740193,0.504206377175919,-0.233402618007887,0.636767742518801,1.01029102209398,0.0045179679664243,0.0443966388940644,0.420853062352676,-0.931614224984722,1.14797368277192,0.48306309357216,-0.152470829644753,-0.285666258848129,0.0725498490088206,-0.764274258309323,-0.875146363670133,-0.509848660993286,1.31391790371009,0.355064731381086,0.448551563224067,0.193489780350156,1.21458768687535,-0.0139228973515758,1.79,1
152710.0,0.0510754846328574,1.31042652386526,0.733222065309853,2.62028192286183,1.40235761449282,0.528488564738172,1.08601442622803,-0.146422713225732,-1.72433297471822,1.28016674259048,0.470864719590572,0.43554195900858,0.594974116113431,-0.142098601080574,-2.02473460275883,0.828290651436422,-1.27478714656577,0.134277305184542,-1.48943421708841,-0.125876996990695,0.229936134951611,0.766926566765976,-0.189623667620704,0.766852957965077,-0.141400750027805,-0.0772779620355944,-0.29759539535716,-0.221816034161724,2.47,1
129948.0,-1.36689646401814,0.390165641635767,1.28501804224211,-0.495105245527957,-0.761402206704662,0.683502665657924,0.762320817711595,0.660226508539485,-0.493606934141054,-1.25189257052509,0.723130359071363,0.521949565417629,-0.313907912715584,0.579772159203169,0.409826133623256,0.439720808707414,-0.507346398409514,0.734760305142438,0.491742003482714,0.389774178319575,0.0903455520553796,-0.356042872377874,0.366540250921221,0.628133421043746,0.359698803313468,-0.463341057992187,-0.138824910988644,0.0253716742480848,234.75,0
149651.0,2.33607509000829,-1.20056093182456,-1.30012966927059,-1.54407791791254,-1.14559218597472,-1.3940819828739,-0.740896130060852,-0.429037895594938,-1.52723286449895,1.70002908817186,-0.931113434363913,-1.11982263663259,0.122737544787141,-0.0504006329493927,0.215194370281433,-0.602192167542053,0.420598429292485,0.0905525358426042,-0.329786796995458,-0.462190274187096,0.0658879224778716,0.666428650424732,0.0706058426985033,0.0290224203159352,0.0829412957265936,0.0704248495086886,-0.0156021216434397,-0.0616363600817065,15.0,0
155965.0,-1.20139778318497,4.86453518123444,-8.32882331553453,7.65239936205533,-0.167445105903909,-2.76769464972835,-3.17642095110716,1.62327867967437,-4.36722762476754,-5.5334430286147,4.1064045585523,-6.33182479621436,0.671784814909419,-12.1565865835299,1.02025178475153,-2.11086343309451,-1.55854452752772,0.195991826282669,0.502453451135321,0.597025549850308,0.532320016259289,-0.556913021850898,0.192444399731584,-0.698588444235578,0.0250027161193826,0.514967603188505,0.378105295962737,-0.0531327938498238,0.77,1
102671.0,-4.99175779387947,5.2133398229232,-9.11132629809104,8.43198635177602,-3.4355156720863,-1.8275651016855,-7.11430284412379,3.43120663145462,-3.87564287029742,-6.86850850672582,7.15062516950116,-10.2629840447185,2.73308493575221,-10.1275247811671,-0.262783621001749,-5.19027103814098,-8.6557110398096,-2.02444347438745,1.5604792800844,0.0981321924634143,1.18942283937597,0.247858476295777,0.294448330047117,-0.548503502162266,-0.174616566570794,0.406702503092405,-0.40233927269736,-0.882885795448957,0.0,1
10823.0,-0.790625549589975,1.05400043685508,1.20757541001838,0.816643791519715,0.853553602658628,0.635567349392662,0.143455001366561,-0.742005750649738,0.140088200510275,-0.273095806953257,1.82895554868179,-2.20047534525764,1.72120643332313,2.07112855986105,0.465968654786674,-0.614464717652675,0.902062054828202,0.493582688064802,1.77741520656487,-0.0501718286258285,0.625222522729715,-0.318427625044673,-0.312487500111685,-0.821371246387601,0.270285377431556,0.687324429542153,0.104088542117128,0.0284725410872213,25.5,0
171691.0,2.14592217606204,-1.08743736294243,-0.614967208383747,-0.902824259634204,-0.953667494918922,-0.265362199831584,-1.07580139042884,-0.0951841569593888,0.19537298727834,0.702652083575142,-1.33032100540813,-0.365228276879436,1.03308669954444,-0.737682225102897,0.285219961662689,1.33726320369726,-0.144575720569605,-0.876072997744031,0.509512453784216,0.0822009813393855,0.445005669306729,1.38668645171075,-0.0428854555899169,-0.636404769462188,-0.0023465420380937,0.0802250198857768,0.0207884138117573,-0.0487349998625094,37.97,0
35953.0,-4.84437152213983,5.64943864783758,-6.73039574613665,5.25284201867297,-4.4095661499774,-1.74076745609347,-6.31169852901067,3.44916731253577,-5.41628435913526,-7.8335555711125,3.6573495649865,-7.7814479532704,1.50772042676786,-8.60475886835984,0.0105926875670707,-6.55397325691037,-12.6243936527694,-4.98990973846596,1.64541389333247,0.284555090358885,1.19488835625662,-0.845752531858704,0.190673885417928,-0.216443252531192,-0.325033100382822,-0.270327592956951,0.210214051535782,0.391854886292055,111.7,1
60334.0,-2.35353955700013,-3.61995016968397,1.26558062545199,0.389726512000304,0.434333748412835,-0.265386188534203,-0.250492390339798,0.0471454346296295,-1.57013026750716,0.807034105706548,1.14718875292001,0.16039192445754,0.705216049361975,0.064502891387315,1.4547188162191,-1.88912574929898,0.297451209556036,1.89822585221744,0.847502378127736,1.47869634035569,0.293758916119228,0.0976106072540708,1.37569399693092,-0.299147784300205,-0.422680416462025,1.27673346166083,-0.277557983428738,-0.0245789559312342,459.06,0
45974.0,1.19590986845744,0.383320117430749,0.245049461504724,2.35227113811202,0.0967543149380299,0.070351316730145,-0.0377976218291421,0.157894110943563,-0.368485284918053,0.741975758680825,-1.23222208948698,-1.61077058290544,-2.57084333733382,0.860095548630614,1.01629614792255,0.568730175447434,-0.344261009337728,-0.251521487477587,-1.15632638280619,-0.347050722249949,-0.0284443997781733,-0.190132452437107,-0.055028740590345,-0.507414133222159,0.472206292373903,0.106668939058019,-0.0182728316929369,0.004540154325774,1.0,0
63809.0,-1.25572349693024,0.541494960550966,2.05656282057543,1.75213620743801,-0.33933206608294,0.593659443044776,-0.552435153345699,0.860263944222186,0.413378984979834,-0.660277919780344,-1.27538780312794,0.927223189178765,0.0584448448390508,-0.5110970241248,-1.39447407214555,-1.53857466756497,1.32662279112235,-1.04371111552744,1.28702957050394,0.157789637970026,-0.292743214447076,-0.509922628178744,-0.048389358032646,0.0978067948656884,-0.0253924985291478,-0.373438985218324,0.332446105969155,0.0493263952690802,3.42,0
57007.0,-1.27124419171437,2.46267526851135,-2.85139500331783,2.3244800653478,-1.37224488981369,-0.948195686538643,-3.06523436172054,1.16692694787211,-2.26877058844813,-4.88114292689057,2.25514748870463,-4.68638689759229,0.652374668512965,-6.17428834800643,0.594379608016446,-4.84969238709652,-6.53652073527011,-3.11909388163881,1.71549441975915,0.560478075726644,0.652941051330455,0.0819309763507574,-0.221347831198339,-0.523582159233306,0.224228161862968,0.756334522703558,0.632800477330469,0.250187092757197,0.01,1
108639.0,-1.42576225564253,2.0615542805274,1.91080465535754,4.68307425929251,-0.226741981695593,1.15250151108436,0.0458387586164451,-0.378911553463672,-0.697144281813978,0.840437465818325,-0.213028389048281,-2.2940606291031,2.984085395453,1.38617975278041,-0.591874752523858,-0.101698403938897,1.21293543509681,-0.0969820678807703,1.38635147917144,-0.0566386488141966,0.170031270396277,-1.42082349605732,0.3268801717184,-0.134146301405614,0.0518515963259498,0.0521259275106366,0.228997988414557,0.0292152879114075,79.65,0
151567.0,-1.79695652074509,0.57701270978098,-1.56821224219521,3.2198099736179,1.57537904529092,-0.880948533634543,0.488424196194492,0.648449091839152,-1.90690142368008,0.838595593853443,-1.95164738082542,-0.634357407004148,-0.795130963589285,1.23510635119155,-1.63703796942749,0.623730995760782,-0.34131518209557,-0.383629780767753,-1.6007721964831,-0.326762071619418,0.293999749935157,0.433911892272638,-0.354527114332421,0.753997787300134,-0.383051535063209,-0.0342947170103644,0.129540642792173,-0.282258962677239,66.58,0
35541.0,1.02880662765352,-0.167460338630137,1.34462036854433,1.64979417869834,-0.717661965119619,0.807931455661795,-0.610832684831065,0.397065328174622,0.923156974033363,-0.257200878583612,0.83648755744709,1.93263267288977,-0.0241260935218613,-0.606659979606488,-2.46029003651122,-1.02777683453081,0.577444748482787,-0.971095226099736,0.385402901203559,-0.18832487548297,-0.348085519858226,-0.536812734669818,0.0952086241326998,0.228722125279505,0.3816449864442,-0.540081418927691,0.0908426673610651,0.0207392390028454,7.4,0
56275.0,1.09623242159604,-0.400943728203271,0.454426423373064,0.635936111641432,-0.88543940545329,-0.680967748042675,-0.145590484240113,-0.0628325092150628,0.904165582442708,-0.299452763351755,-0.965394329847024,-0.193770266824512,-1.3415508415688,0.0708587822625162,-0.188801579809766,-0.322622663545997,0.211820095868894,-0.440506124503618,0.30493123887352,-0.0411218219178654,-0.0674028249923277,-0.174048648684213,-0.129249811843827,0.443312403963957,0.467826720899498,0.667339602211346,-0.0559002300103534,0.0171010659052483,80.83,0
162309.0,-1.60360093456558,2.26305095916603,-0.446851762580065,-0.0577926328032298,0.210181229614632,-1.09782940416853,0.970386332853192,0.0934440970980738,-0.0561736721862601,0.87737999008665,-0.930119522754042,0.353517566582887,0.426936336298202,0.268074263208155,-0.205130616524554,-1.0665533801703,0.37384539831867,-0.616616806386029,1.04738037293104,0.568338550172493,-0.0621946350331782,0.209180011869113,-0.282945076135048,0.108259758783737,0.530865309963381,0.589989053259864,0.464634632758385,0.350997776643669,3.0,0
130794.0,0.123498030733108,0.202177994807984,0.714970363056634,-1.70272377098442,-0.200511575252715,-0.217324312278836,0.150614711679113,-0.0225196130837577,1.06449979358332,-1.02129961891863,-1.0419590453685,0.528397152513126,0.88465122242609,-0.610166117977109,0.187163802986642,0.0758449946353985,-0.584301488710192,0.136778072339497,0.0143219969308971,-0.0773180601307528,0.286987991351915,0.993049794410335,-0.101903507316184,0.769039192419847,-0.410366426961871,0.678121277416378,-0.11515189170865,-0.0016686226423912,23.99,0
131941.0,1.42712572344525,-0.919876245694606,-3.16550679495057,1.37884807332352,0.867670052521087,-0.880073653036894,1.48288791305275,-0.569837724645099,-0.0183982084673597,0.259635606128809,-2.04775572730948,-1.0291941338438,-1.60818408921763,1.25659168179936,0.0012244651470051,-0.491730563436303,-0.437132150241586,0.055289766991239,-0.0776537374715865,0.395289671609163,0.453192065902838,0.580948064820957,-0.664472759536459,-1.03631019139463,0.811281880161368,-0.162522151645971,-0.134535086432779,-0.0268347389023334,385.0,0
40276.0,1.15937314510686,2.84479469928473,-4.05067950821309,4.77770088131929,2.94898004123771,-2.01036111013216,1.74408581794948,-0.410286521869204,-2.45019774688553,-2.04216786301424,1.84409317018026,-2.42593281501277,-1.5842751343556,-7.2083115791564,0.459828383286257,2.37529619792022,6.4435098643744,2.59184606301795,-2.88977035831304,-0.059264385833904,-0.176541018596848,-0.433469859425429,-0.529323202003731,-0.597019604985794,1.33595405267787,0.547092070642555,0.0099789442639121,0.160769150049196,1.0,1
85573.0,-1.7567118508365,3.26657425418237,-4.15338789695403,3.92452561357555,-1.7537718434176,-1.0057867792296,-4.31321717578502,1.56071190324579,-3.29567366751075,-6.2133552491157,4.52299197543382,-6.6528440527591,-0.12468523386066,-8.60448620191387,0.110359314846888,-5.94548061159606,-9.33893779428438,-2.39019258818085,3.18415235636348,0.874720103498016,0.911427441871296,0.0530612807310541,-0.367700953962814,-0.776337755840596,0.292093831084717,0.025999713844171,1.0629681996854,0.501148168228208,1.0,1
90395.0,-0.323329697837611,0.842450961640652,3.58066312365593,4.76462227448994,-0.13061842519254,2.93554432578155,-0.782019072806741,0.50029242867492,1.12538128033995,0.686666913307294,-1.72258860250383,-3.47075047641631,1.31768982372177,-0.0016684487509564,-1.61912436819465,-0.27636373742037,1.09844636731896,1.029367473191,1.65049895854551,0.274847507615469,-0.150195938168,0.404413881672212,-0.43880876308709,0.0556973319456471,0.150147071238698,0.598709829246422,-0.0035120684941773,-0.120661575786547,15.13,0
121261.0,-3.90064992232325,-2.04987548098188,0.712255114672953,0.825664225006209,2.11399701356088,-0.155862884643583,1.87080706434405,-1.70491309278553,2.82775931680051,2.66834831422914,-0.774014099691972,-0.192145277450435,-0.135876571964151,-2.37287050076177,-0.947974817638245,-0.689109498044215,-1.0880750763401,-1.14944301245738,0.432528125090707,-1.94145739653493,-1.70601928106326,-0.517954565781246,1.41469432306658,0.594995583366267,-0.44908224451175,-1.32241418116362,-0.197612229956947,-0.453859098709161,87.94,0
72035.0,1.20727182251452,-0.0687068190195201,-0.232905656243335,0.0592612626670797,0.34539804730079,0.348274716258545,0.0136027820047927,0.0300584769705103,-0.119788080185069,0.0413857411237923,0.0056969719581744,0.633895262699245,0.770608397435985,0.293856743864648,0.447760494959567,1.03418640777402,-1.29911222203302,0.391930679914905,0.878725624169095,0.134910851334918,-0.37000767584729,-1.26027711379639,-0.0853598780135517,-1.39209077089617,0.288583490677993,0.183387574256231,-0.0534890381724688,0.0045582872632004,70.97,0
123622.0,2.04608724880263,-0.321140307437852,-1.67350719985597,0.372929512251777,0.695688620913534,0.557361728751112,-0.0488736766694188,-0.0001285229353419,0.730512357647785,0.1017047464573,-0.509376483662177,1.2546113285954,0.665154256337051,-0.178502755109451,-2.13954701496019,-0.383837761877882,-0.487135220107437,0.0587045214466683,1.03165626412057,-0.106772019241156,0.0446291586109631,0.494153293280899,-0.149893700985411,-0.239062805259539,0.457869720099459,0.558672032740743,-0.0558886891555016,-0.0806404554919134,19.95,0
25198.0,-15.9036352020113,10.3939171427504,-19.1336024646827,6.18596883540498,-12.5380209157442,-4.02703044708406,-13.8978265981985,10.6622517826007,-2.84495398482036,-9.66878891236125,7.39441941053863,-11.6356300484755,1.42327692545531,-8.64045910049478,-0.674719538892936,-7.69556878829619,-13.6841395944616,-4.77740603940726,1.26834277321029,1.50156541071894,1.57754822493456,-1.28013712313136,-0.601294526869194,0.0404039214626868,0.99550197117886,-0.273742711729157,1.688135896398,0.527830799573719,99.99,1
81821.0,-1.12791587792139,-0.89667149614422,3.15841669900663,-1.04714426115189,-1.29814459533096,0.390501909485906,-0.729076554657878,0.457523537358121,-0.21462265999228,-0.389060121161003,0.158735634977595,0.986968263833214,0.0292141168037133,-1.21726358961961,-2.95660058991117,-1.7436298416245,0.396270729120962,1.23762418356316,-0.323876005214257,-0.231882057077293,-0.361288758384257,-0.441365259315017,0.0102893286394128,0.585777025381712,0.138684665644673,0.967962215860306,0.0049958652388521,0.0670639373105208,75.0,0
35390.0,1.23713334562931,0.263876366394402,0.18047845896932,0.504362259578626,-0.193538848019585,-0.571388873390561,-0.0544971279417683,-0.0099235947452221,-0.136285816412029,-0.0998411329988155,1.26191952479343,0.575197271535574,-0.252724618172808,-0.0208920875120374,0.466962052195604,0.791807724681267,-0.34959834890414,0.358582688178783,0.218064982791515,-0.0889662071698869,-0.262982034437053,-0.814621177322603,0.0821787776064203,-0.0493139123155766,0.214712146836579,0.0988784943762089,-0.0301784635845424,0.0162597431594992,1.29,0
93856.0,-6.75050851563533,5.36741605145469,-10.0546349530569,9.06447791765316,-7.96811808353808,-2.26379841398236,-10.317566180676,4.23766573099145,-5.32410880613734,-11.0923923688428,7.15408284221914,-17.1504052507291,-0.0953992277686904,-11.0301103643432,-1.95905455483077,-12.4485623424367,-22.6679054064789,-9.26460873295655,1.9823563171714,-0.0812198922441237,1.90903201764938,-0.34873973066671,0.425000563135111,0.674908669807175,-0.784208393488163,-0.247422102935353,1.1595813739152,0.197817874685768,209.65,1
127120.0,1.78052980098661,-1.25878760157308,-1.25846276108468,-0.388690207001035,-1.09003057620725,-0.984871058387771,-0.674294853648428,-0.179951564425973,0.0882977910599104,-7.41113740404531e-07,-0.336372396663087,-0.894029425382314,-0.106220357802582,-1.99890867325511,0.433573155405646,1.64209294604748,1.45624400063792,-0.468368394494789,0.0731217050416591,0.371207093188508,0.350976809779989,0.690089598953523,-0.0443219985381007,-0.11043151014107,-0.241824023571444,-0.103021190529196,-0.0038527897803542,0.0189128000129846,199.0,0
41313.0,-13.8972058704019,6.34428045616839,-14.2816664432471,5.58100899740718,-12.8871331616131,-3.1461763671985,-15.450467216827,9.06028147442157,-5.48612077680694,-14.6764702497464,5.1483517210937,-10.7495919949504,1.58548896754337,-9.79801207658904,0.733276999106463,-12.675268899047,-20.7406637223494,-8.15366802624724,5.2283417900513,-1.02522792390103,3.05808183846397,0.941180290424241,-0.232710298333368,0.763508019302571,0.0754562386388435,-0.453839571774416,-1.50896825698328,-0.686835738780169,9.99,1
117973.0,1.89213305053472,-0.371774703304947,-0.0167405950573171,0.477975932024547,-0.95270217078701,-0.677347791749886,-0.590228942511032,0.075704339004389,1.05884590220515,0.0121904891908003,1.34735754604333,1.14623563007626,-0.609183967471962,0.302543838426574,0.0140887164004745,0.191856003219224,-0.504944072784754,0.0929567512693983,-0.0639985209886828,-0.273593348591515,-0.0917789625930042,-0.168483678794834,0.441567362753118,0.430368861824269,-0.56538644254824,-0.669298412850041,0.0318375780574552,-0.0368021364348235,7.5,0
41991.0,-4.56634156694274,3.35345148012501,-4.57202780762531,3.61611930403552,-2.49313810882875,-1.0899997127127,-5.55143306976649,0.44778308394893,-2.42441402571208,-5.69992228265959,3.58682418337431,-6.63622904939297,-1.1281764439465,-7.24554959537009,0.638325536245456,-6.85681003898144,-8.85187850534679,-4.5918832274368,0.936939858866071,-0.249127726683026,2.67446587862872,-0.0208799797343963,-0.302447083877198,-0.0863964000107124,-0.516059779833395,-0.295102234035121,0.195985145691014,0.141115102721758,1.0,1
14490.0,1.14496484237256,-0.213611768172547,0.914177734974427,0.223287783188563,-0.833900582285547,-0.194539032178385,-0.726640128364945,0.165588419299241,1.71223228509992,-0.346642183924134,2.4580984639476,-2.41548930868165,-0.0215457629934802,2.04472329513252,0.300271485167727,0.410498422547028,0.491186655319885,0.340862576700632,-0.537380664621218,-0.215068938849132,0.0069123208801486,0.195980407986802,0.0472532205281574,0.208015598445865,0.0204920443868075,1.03592863167491,-0.0874748686112221,-0.0091910095842954,15.95,0
142316.0,-0.061256725633596,0.149844882710571,1.01476697957905,-2.3467156313952,-0.116598320584231,-0.122954386166364,0.214821400946541,0.142196784650559,0.919803647271547,-1.47547583374816,1.14682670527513,1.46729178021603,0.606138756462749,-0.0387613066059344,0.423459776951758,-0.40103680515807,-0.449747277234442,0.391978724410626,1.30800858857565,0.0576466911276495,-0.0614318383039794,-0.0886971566199192,0.0462047457155224,0.713051107706426,-0.341771134903116,-0.499794384460793,0.0754971336242238,0.0372204585627359,23.41,0
68500.0,0.928305627681217,-1.68047083177777,0.394582488009047,-0.677795609402301,-1.32050547375241,0.551291467600423,-1.02003850762652,0.219500073209954,-0.160471586062802,0.593821729502131,-0.0649528010459113,-0.656982296386879,-0.549549650673369,-0.34330041978733,-0.122462274198817,1.79634409104456,-0.301019679066128,0.0154570752668584,1.11764976295553,0.554106243394357,0.418287084382429,0.656429632474466,-0.462195451490166,-0.799269149997014,0.461224635593824,-0.0138941869624869,-0.0072881543202811,0.0436206690876607,252.0,0
86835.0,-0.290290456401493,0.41145958583653,-0.40681294201503,-0.47192138133987,1.75634558641814,-1.17662053919651,0.715864902734489,-0.17174879194722,-0.244360592313016,-0.993071583567734,-0.802516215096906,0.242636883923375,0.732015252287037,-1.03285025952724,-0.453912230938826,0.26638677287081,0.255245914268695,-0.195417197445157,-0.15622503905004,0.0678986577512711,-0.139294606838465,-0.480183014006351,0.287937886210948,0.499634786920451,-1.25127238315434,-0.0402198208712551,0.1907960801934,0.297079231203227,1.98,0
96556.0,-1.2600591240453,0.264625709541388,1.26806668668878,-1.04510217520998,0.992932218802869,-0.606826801473032,0.530190636095994,-0.008136075842123,1.49855714537463,-1.35336307630903,0.804967512228501,-2.75632644208344,-0.438745878499842,1.84320965166401,-2.21376017307586,-0.148378675712307,0.204971469850897,0.729365480531287,-0.0310827287104559,-0.329749571514368,-0.0534580375876309,0.0885222524322992,-0.646090611903695,-0.375752172093889,0.993159490741161,0.191330529909367,-0.167274196242104,0.033778018495747,19.0,0
41138.0,-4.59561704249556,5.08369023030901,-7.58101461744265,7.54603279503791,-6.94916456384443,-1.72918492987346,-8.19019171984817,2.71466961013434,-7.08316933143187,-11.1412776902967,7.38185937432083,-14.4686550955305,0.299659909360646,-13.602211465597,0.516112699650764,-13.5632729563133,-23.8156358284126,-9.17055721888169,3.66952343976659,1.68216030642087,2.24897122592187,0.566843572297808,0.0337440528595468,0.591783408003629,0.334228764687698,0.386801106292112,2.16389776726335,0.983103834042297,340.11,1
132815.0,1.45216388072101,-1.68836538599417,-0.651132050938568,-0.545018471927476,-0.554055724823528,1.41770234155337,-0.868805015523895,0.525892036929104,2.18834441661128,-0.825339956547526,-0.574181636979661,0.60316081985444,-0.836419574630176,-0.25571541699788,0.62302508555026,-1.15450337422723,0.931620779881603,-1.84087079039907,-0.490334450481895,0.129741464305709,-0.0560965545733786,-0.271572553214669,0.306329475723209,-0.248930346313802,-0.851482866689602,0.446907890009342,-0.0134446255567485,-0.014746826316574,227.0,0
68185.0,1.20337730000354,0.149739703074842,0.603744893989482,0.560316495478251,-0.59189045817748,-0.804040491509937,-0.0906716314532349,-0.0268077603664647,-0.109544907792472,0.126175285348113,1.53152841341542,0.707219036323581,-0.591731674786836,0.604515310921494,0.402649893176261,0.476427460767558,-0.554544823266959,-0.0172789892922767,0.0990446391492503,-0.140206965217777,-0.201649036382612,-0.658439846541515,0.159175234916434,0.508800717739788,0.133654905451995,0.067153685183634,-0.0376520805442947,0.0091374699899664,1.29,0
164060.0,-6.860354218389,-7.9610967073926,-0.281224621591145,3.03755682050486,0.903253528765386,-1.57063634480519,0.407729200715249,0.66878365428456,-1.07447038191842,-0.428341525909491,-1.69106885409701,-0.992938211291721,-0.406395605539833,0.611048406857033,0.148290727341262,1.94166669384648,-0.670603602268488,0.530559860698661,-1.5842456122342,3.8796856022576,1.27132903507934,-0.392254308839918,2.20846188817431,-0.114455357586636,-0.179228021069134,2.18190833222708,-0.184839284316399,-0.76368089762851,1013.05,0
134766.0,-0.0796525365521887,3.22201046223725,-3.7242013893074,6.03734512826846,0.583394746331946,-0.691346179707007,-1.79988483348006,-2.62778128431688,-4.00133786259094,-2.27152578398956,1.51389817939856,-3.68294346446482,0.185830426148668,-4.69278763834241,0.247495674947084,-2.68188105082889,-2.28614467887841,-1.04884490280911,0.994829500437418,1.1985372847387,-0.664694294683722,1.13855644649209,-0.350753364122197,-0.287467300585566,0.808889022979463,0.823961705381379,0.668496565754242,0.595609828713858,1.0,1
92092.0,-1.10847821852891,3.44895257232738,-6.21697180605649,3.02105161812575,-0.529900931709915,-2.55137517507643,-2.00174290819286,1.09243237369483,-0.836098368778531,-4.09564897273592,2.42595071598052,-6.06726194524698,1.83243272022382,-3.50170251648822,-1.00400820464185,-3.5012811030282,-2.941876323532,-1.12574106196719,0.37371480785248,-0.0685983809223332,0.825951491439622,1.14416978988846,0.208559481945769,-0.295497424488562,-0.690232196243341,-0.364749075788586,0.229327220125504,0.208829891689567,18.0,1
132128.0,1.83178126964725,1.05625889730262,-1.70976677629596,4.38982246258491,0.916519277339415,-0.538276602454305,0.360170942018102,-0.138507041064194,-0.832392293136558,0.0717499031568143,-0.430483823409632,-0.442582120430985,0.165129196280441,-3.23170922682267,-1.21156883992216,1.37539338676717,1.94653577225824,0.704605157479821,-1.89530998544325,-0.147216700882979,-0.0700637174351362,-0.0112146819310892,0.012601233697371,-0.271795936845082,0.126320796418572,0.0977105795861131,0.0130212453653525,0.0228825748867302,30.31,0
69394.0,1.14043132434726,1.13424300279892,-1.42945474072655,2.01222598912655,0.622800198240135,-1.1529230868157,0.22115947772768,0.0373717733484629,0.0344859259841517,-1.87964382107016,2.19166507997652,-0.487849732811135,-1.75713709936308,-4.46105120749925,-0.402884205654366,1.4109171085787,3.61925125200524,2.28492676267757,-0.443999191918561,-0.0997118777920308,-0.367136001490949,-0.891627120817809,-0.160578066799212,-0.10832596200032,0.668374321480191,-0.352393242949003,0.0719927692746503,0.113684370071235,1.0,1
40742.0,-2.37753280180283,0.520539361927579,-8.09413945532841,8.00535147326105,2.64075021376276,-3.38158645291742,-1.93437244067366,0.562322111872781,-3.10402718606356,-3.05121035544102,5.73576265915634,-4.74769250131792,-0.784223284478966,-10.7163393018774,0.656516978131348,-1.14246727231018,0.91859080878698,1.12633522330277,0.0929734778841175,-0.634747080915274,0.148284201590387,0.7210995412337,2.66129069804724,-0.508619933518595,-0.401656629278738,0.587611216267645,0.500326371108344,0.551759687906722,1.0,1
113638.0,0.623604736531998,0.931387715626947,-0.636543354111103,1.16932850697491,0.822668318862812,-0.41728846921493,1.084264585428,-0.40784528372848,-0.705827672119295,0.280188319111836,-1.40940417367238,0.0486772470786754,0.875383654117239,0.363921187120729,0.579322957920968,-1.52481360972004,0.519718767058997,-0.150217171693293,3.02859060671135,0.23807505272987,0.131183708791052,0.720677052431854,-0.0619057839099966,-0.550245751679332,-1.08679646004697,0.655104967530427,0.272171752926415,0.263082299410007,22.08,0
137671.0,1.82013610544416,-0.2229402386181,-2.09097852185094,1.03479591946695,0.716539715117587,-0.372522636847275,0.564688574063448,-0.126156184222892,-0.0651168836799995,0.507650014574177,0.348071573041734,-0.198895798591025,-1.83161425659817,1.29130880700331,-0.104244027801442,0.0818293584053015,-0.737122321501632,0.369665764960706,-0.0307940099996535,-0.11289816263172,0.114878938837473,0.0144214211647855,-0.0326308333796407,0.228937262624368,0.252226022032874,-0.625094908931017,-0.0626877893840017,-0.0493632238682974,120.0,0
91502.0,0.0073790751145725,2.36518252886777,-2.60028738169342,1.11160176466249,3.2764413263667,-1.7761407852846,2.11453088108345,-0.830084106599812,0.900489974281822,-3.37617706712688,2.05681205985716,-3.9842567303491,1.02196791340796,-5.96790496861639,-1.15160831490592,1.67973960141233,5.58611468683053,2.78913115591619,-2.24107485298106,-0.0063884972816308,-0.563944162060269,-0.902099515410175,-0.404382448597275,-0.0129439005065412,0.589836154947909,-0.734449052212668,-0.447529183217452,-0.362374775122343,1.0,1
41527.0,-2.45733522679548,1.77647253165203,-1.88786782459876,1.11732331900464,-1.24736139898943,-0.875903938198889,-0.314288817829419,1.60228343660312,-0.37044571150319,0.177557354930114,-1.07889443946522,-0.121257978995036,-1.33296712768258,1.90686931175198,1.05438519072242,-0.25448877142036,0.8541748100458,-0.276833311509406,-0.0859739256794373,-0.207411555747893,0.178757837322327,0.408754849260026,0.0135283182897004,0.0699398191111665,-0.653713026209786,-0.366041990731259,0.399220133253345,-0.0105720015062817,99.99,0
55526.0,0.894391080625089,-0.476739139760999,1.1963109814816,1.43082041488023,-1.22388178657949,-0.0459159911815044,-0.608919995497587,0.255615543559481,0.649383207387984,0.079841287404715,0.922597401398845,0.320094060143058,-1.45615611986076,0.260447927153639,0.0398586591893309,0.50361613103715,-0.511950670625247,0.830707874721541,-0.298130915706895,0.0032304977880278,0.239102253209975,0.504596752949798,-0.155534393792709,0.53043444202977,0.359147331191372,-0.279798155700356,0.0338375601861613,0.0440664913077061,116.35,0
27160.0,-0.459518946946372,0.670660149823849,1.58685921521885,1.03989488747737,0.755082854095437,-0.0102023146119508,0.861200876154893,-0.0987497455212462,-1.06393916638583,0.174012276236215,1.71719174640561,0.912598235407985,0.39294001699486,0.367666173974941,0.657275048929737,-0.53743855170094,-0.151515705161819,-0.423677746591821,0.899461495003771,0.270540943500328,-0.275395588466882,-0.778240226376342,0.242357136424114,-0.0391831172661628,-0.701939003348709,-0.793430319453883,-0.0055789584172758,-0.0650677478787943,42.4,0
167830.0,2.04756709267313,-0.0483520385527772,-1.11695287453941,1.78137543469805,0.218143843203219,-0.134808019543238,-0.141875064997605,-0.0827384978546449,-0.393227375498107,1.18884270510706,-1.51888085632229,-0.883052619348587,-0.664035777344454,0.151953277198214,-0.504955289479262,0.996580141741694,-0.562194657515399,-0.49384203129676,-0.799769626369294,-0.17810259303474,0.166731674063662,0.483079461802817,0.0996755813036205,0.58967845632386,-0.237943245439878,2.4711976051229,-0.216340425724291,-0.0837520274403373,12.66,0
44532.0,-0.234922308660103,0.355412643473604,1.97218278594888,-1.2555927126284,-0.681386509254345,-0.665731671302037,0.059110489686438,-0.0031532770910343,1.12245113562848,-1.48124586053984,-0.473852105914046,0.9221844195147,0.913513839827119,-0.499349578859305,0.933898442932603,-0.560471962989049,-0.207706529097452,0.380541571066627,0.574335960915453,-0.0034694628125566,0.220670430492642,0.912107214037724,-0.286337679755902,0.451208246513352,0.188315252003614,-0.531845781256926,0.123184687838547,0.0395806345060398,1.0,1
59138.0,1.12681723456551,-0.289906907583719,-0.979766308742343,0.192732813316152,1.94079097364478,3.72243356379686,-0.53019945239221,0.900659195100362,0.350930602162881,-0.134576721258502,-0.497232328742953,0.313043915599518,-0.160789611359411,0.113751020928843,0.0297643386303564,0.0473991036072208,-0.561730669886113,-0.0806585407790832,0.401844091568683,0.0979051578299763,-0.270354312970174,-0.897611148812417,-0.0638440820156254,0.986335977712542,0.65527004099173,-0.517458801523424,0.0283919988892899,0.0314944460799719,71.66,0
124413.0,-0.107283283780541,1.06125286901152,-1.09850323987964,-1.47440519775153,1.66449705551646,-0.8503690680887,1.719095429038,-0.445302918259588,-0.0936992410787059,0.246916346750299,-0.238071332036428,-0.414356876423559,-1.23785113012531,0.781658349658347,-0.644063569295537,-0.212471361965718,-1.09563637037332,0.544976455097641,0.542402442582612,0.0928632106352224,0.131645274534132,0.760814900308306,-0.420302844565594,-1.07528049873935,-0.207008970785681,0.115317817133007,0.32771517463737,0.0813533444624779,0.77,0
93853.0,-5.83919161928092,7.1515323543223,-12.8167600806187,7.03111476501099,-9.6512721679897,-2.93842725771624,-11.5432071690832,4.84362653179436,-3.49427572506535,-13.3207888671784,8.46024444901677,-17.003289445516,0.101556614891384,-14.094451660329,0.747030766392512,-12.6616957230679,-18.9124938172188,-6.62697484523061,4.00892074227194,0.0556838813863639,2.46205591127559,1.05486518382957,0.530480596078193,0.472669814042592,-0.275997967880675,0.282435024801752,0.104886020210564,0.254417096767513,316.06,1
152458.0,0.0365613768896953,0.475474613485441,-1.80117135806862,-1.03505466191144,2.78994791329223,-1.3294107964485,2.10528225820518,-1.20727306614827,0.228889877549842,1.04920155493347,-1.37162312460601,-0.231245909403132,0.578868482441816,-0.198400046568076,-0.824584995994812,-0.867544621945802,-0.977680515175685,-0.520289152431544,0.0367314352900024,0.203980867898533,0.209617308205645,1.54332681548951,-0.213902065854264,0.170515282385088,-1.09799893815181,0.588904146165699,-0.0273483528172742,-0.150816142824831,2.0,0
81147.0,-0.588498554068847,1.11019239395201,1.49692335710423,1.18126956355817,0.0692877725942733,-0.399016404612246,0.575374471678476,-0.0004713448053883,-0.540438979267304,0.166741658859795,0.0163666656597235,0.0014347792183553,-0.0388562815967342,0.286177130805565,1.47976589533184,-0.744321115203224,0.27695265311967,-0.335117722555716,0.141216009868272,0.0994947864340674,0.19911814012053,0.779231570765364,-0.0351332178259427,0.406533969380121,-0.236807299660282,-0.199780490081336,0.311051945521549,0.204197928262929,4.99,0
52814.0,-1.10184700698197,-1.63244121283891,0.901066556872515,0.847752885502341,-1.24909072939532,0.654936785498635,1.44886782586722,0.0233079125519542,-0.136742416820243,-0.150129182778684,1.17235508293037,-0.795988136674965,-2.13695096583302,0.578869439330842,1.4121147225086,0.0134668068434063,-0.119204381070058,0.826814373772222,0.476859902488945,1.23027784051309,0.610653920616913,0.835795006603528,1.17995542066426,-0.0290908864225033,-0.300895693792436,0.699174952578756,-0.33607170899039,-0.177586827857027,519.9,1
123311.0,1.73914250562057,-1.20233350961871,-2.6491217511991,-0.166198874306261,-0.169567413206349,-1.75992779166829,0.930051377149313,-0.760729717347099,-1.137778428851,0.928468641410831,-1.05285911064183,-0.382454957344862,-0.280411743150795,0.819052883680745,-0.319637622445792,-2.24434971317835,0.22538802903955,0.688162852176878,-0.754157784500038,-0.121703891217031,0.0543858072140772,0.18369556737138,-0.320718937698585,0.124989821531957,0.392923684766872,0.989671255958582,-0.174378589353493,-0.0460980757073962,276.0,0
162243.0,2.3453069408635,-1.27527151861953,-1.09974158216296,-1.74909186903298,-0.755912549561681,-0.0849558775317385,-1.11005139240982,-0.207296166192179,-1.32311034834408,1.50273526403042,-1.40164171288774,-0.111689128811854,2.36031041823901,-0.909544393442479,-0.222737854700418,-0.340777335077919,0.0746498430283176,0.0110482018692706,0.0940283471401243,-0.269813446722742,-0.192098743281321,0.0283285323791775,0.175217599899239,0.0594016946883532,-0.074818309841665,-0.173819320262816,0.0266067602281575,-0.0428617922383441,17.1,0
156881.0,-0.32903334771046,1.49016817296459,1.79116890779823,2.91107736927825,0.154033886505719,0.288918582912324,0.340845413041669,-0.713450050137012,-1.33840975162405,0.700305389244591,-0.762902770694708,0.51306108514954,1.33929619432801,-0.464543701103359,-1.01258615465792,1.09981928591313,-0.891862105543031,-0.609728545391232,-2.03570096602232,-0.33972845644671,0.685965204109809,-0.460296196974628,0.328044749181264,0.328233667249531,-0.823394031182895,-0.476371256845722,0.141238844135611,0.0799501510772601,19.99,0
32732.0,1.10093233951067,-0.167804505053096,1.01817918792192,1.60911599888524,-0.442099702195971,0.889306114816949,-0.507791360793646,0.291263304841089,1.22718813486023,-0.430416077837632,-1.48744902971494,1.0215798968775,0.202385541632989,-0.846385035443895,-1.70900516603274,-1.01873776334154,0.572158530358777,-1.23720954471302,0.357181586744639,-0.154194518869806,-0.439422408457704,-0.782799174074984,0.0113637365383673,-0.420557230110506,0.50222795919056,-0.480232573364612,0.091868745332817,0.0256557897551413,17.89,0
25231.0,-16.5986647432584,10.5417508026636,-19.8189818085279,6.0172946473619,-13.0259010501237,-4.12877900260013,-14.1188648469369,11.1611439952369,-4.09955143059712,-9.22282550730978,6.32936467621872,-8.95219071159749,-0.138363691274054,-9.82505442102721,0.0572235922374037,-7.54168742379503,-14.2595985921417,-5.03505152375192,1.43226792970939,1.53491982113512,1.72585282658181,-1.15160577552799,-0.680051901875725,0.108175914514646,1.06687834149611,-0.233720431391328,1.70752055210726,0.51142316911239,99.99,1
68207.0,-13.1926709562391,12.785970638298,-9.90665002092758,3.32033688288942,-4.80117593230105,5.76005855618556,-18.7508891580107,-37.3534426378925,-0.391539743919107,-5.05250236713858,4.40680552357904,-4.61075647740608,-1.90948796970811,-9.07271093398351,-0.226074450896345,-6.21155748212485,-6.24814535335983,-3.14924669470095,0.0515761185277783,-3.49304991519446,27.2028391573154,-8.88701714094871,5.30360690376998,-0.639434802306313,0.263203123457008,-0.108876929971315,1.26956635541013,0.939407362758877,1.0,1
75556.0,-0.734303155037818,0.435519332206195,-0.530865546585229,-0.471119606930407,0.643214386605141,0.713832369657908,-1.23457207133269,-2.55141159871634,-2.05772382572102,0.166830707878014,0.567551954604602,-0.85805991589575,-0.448067929957678,-0.264936238828755,0.88886293915465,0.838120616560385,1.42505965449185,-0.169664182600728,2.50202738858443,0.864536120628702,-1.00487737851609,1.15035358786928,-0.152555282700309,-1.38674463324096,0.0047160148280004,0.21914583821982,-0.0582573076118087,0.158047988697071,29.95,1
87390.0,-5.74029119816496,5.55278726438421,-1.70045977534402,-1.94356185950057,0.839502207216054,1.82964594792872,-1.61900689221256,-14.7635972047387,4.57560264540374,6.4395999319765,-0.449198272456476,0.505851678061694,0.467033942998629,-2.11960514411799,0.574193452532727,-1.22899995290943,-0.804652151297145,0.0590645128109795,-0.259059958971127,-0.445045507368458,11.8490552979281,-2.88753252720484,1.47788138758132,-0.874983385696508,-0.0537209929559119,-0.329515640678893,0.30621380013464,-0.885728372741095,0.89,0
84816.0,1.06512066830792,-1.32190235153578,-1.226932866294,-1.60797704737929,1.1613731361574,3.328579991063,-0.818309092910368,0.751131295234092,-0.973066065462648,0.614116799431939,-0.191734800286488,-0.192815137393175,0.409209977458926,0.221717776344805,1.17427365518738,-0.750307803985548,-0.578735995753656,1.14586570147608,-0.350589434458133,0.0488079327566028,-0.630857228860981,-1.97328661324067,0.0851410475675181,0.985245179406043,-0.0319186248039096,0.671400146031491,-0.08271457426319,0.0441044721030065,200.0,0
54935.0,-1.1090515168635,1.3397739316276,0.563427761200335,-0.428078421096946,0.147285585879924,0.0004342038741567,0.157888547046166,0.583867363308808,-0.395596413911652,0.0705012912423288,0.0449686858135847,0.129905954108256,-0.33821319602323,0.591410080173969,0.283317097620088,0.855167891464348,-0.883851253638831,0.605263049234368,0.715262362050042,0.108150845352401,-0.2322885652013,-0.783593814001899,-0.126317507975795,-0.874563874091848,-0.0295321242054077,0.121504578114804,0.110399405646708,0.0848283581401569,8.99,0
119431.0,2.00343854289832,0.127515734626584,-1.60121572016941,0.346852902481535,0.424384596506613,-0.647174691423638,0.135892049057777,-0.135733017478764,0.134872854319772,-0.23002723155004,1.39496813861695,1.19821719411597,0.513839982374255,-0.747265839225082,-0.569953693438298,0.432758713590385,0.258764732646035,0.0588661317372594,0.265350707660713,-0.0979577567647207,-0.289118030209136,-0.755715782694688,0.336481249256456,0.685704091339169,-0.297105973518467,0.1398033688767,-0.0641271825037381,-0.0360826305078501,9.99,0
155683.0,-0.311572208876145,-0.375072267067526,1.91223131478356,-1.2446201894123,-1.88219084188667,0.420348592232539,-1.55741951589316,0.732479338696989,0.719888040451476,-0.448773515855396,-1.8993625645646,0.290558176247308,0.869100176816743,-1.7393175815636,-2.37637142632251,0.780612667440262,0.73036338720881,-1.06397924524784,0.684293570528113,-0.109260981451192,0.429624775267746,1.53292370960606,-0.104191117147616,0.142722424927123,-0.458548645045431,-0.0683371769907821,-0.0806402481052412,-0.0079280924683733,7.2,0
67150.0,-1.82429505976067,0.403326526860602,-1.99412200641801,2.75655816357726,-3.13906432572579,0.408185014718199,-1.20904511871624,1.09563435393431,-1.44722489217345,-3.95100289197434,2.56070020158284,-3.4119829114195,-0.781669619949492,-4.7327675351632,-0.433973654922625,-3.30608841178359,-4.23102187544855,-0.750809770409941,2.69080834203374,1.50368830479002,0.838760421033887,0.341727095787049,0.947506491293615,-0.145493002452622,0.0493257725258454,0.831065451615044,0.33242130393302,0.252712728641008,489.71,1
54249.0,-0.190796527991094,0.269751562383255,0.342067783080529,-2.13956783032553,2.34029004160311,3.38431145928249,0.0468834434624313,0.737550071521367,-0.0054475637429406,-0.483085773308652,-0.214019413919569,-0.32092623070666,-0.0270253337208078,-0.14791525693535,0.857428177034481,0.966845483328216,-1.31966000423415,0.197487838690358,-0.251302115301384,0.0917468570928465,-0.110649056880431,-0.353076873119247,-0.0039451948259557,1.0298169312681,-0.762813590381307,0.579890606891455,-0.0797930257789256,-0.0670058926320548,6.5,0
154478.0,-1.84945455105464,2.5054570159892,-1.72847933498831,-0.524317782006199,-0.380248591521431,-1.29256664268255,-0.022506411986424,1.11585567002011,0.0234999357534794,-0.31003413097884,-0.453988061670007,1.10097818419822,1.14837887681708,-0.528151030467587,-0.436510065294689,0.44142110862562,0.941875632374792,-0.443411963165585,-0.544182249001619,0.240398283061804,-0.299515536262438,-0.792133802447263,0.326879753056354,1.05645274797874,-0.173231775263656,0.105338425745756,0.290451967097803,0.128420107481695,12.99,0
2474.0,-1.04720142953554,0.180058169986812,1.6118864877855,0.246979425940042,1.0409702274065,-1.44377924240482,0.376575049938673,-0.067665046633308,-0.462695750159545,-0.599160424281812,-0.514968517897343,0.35524228356712,0.490550003549597,0.137948918372559,0.297674876306757,0.342595056149139,-0.776959935750192,-0.277404608081236,-0.867912188800139,0.0883688223100705,-0.0297773349050925,-0.394925823306867,0.164845768002634,0.346327488702264,-0.330803117301243,-0.85588648711811,0.113237078256886,0.17818854850286,9.99,0
150234.0,2.0368591705105,-0.107407410331567,-2.12793648522263,0.0531483495892921,0.999723141931307,-0.109115413186986,0.485505748520731,-0.260512977597348,-0.0541185806553927,0.210561516105623,0.25663210021769,1.46990419818172,1.40841845661283,0.265388953325435,-1.19155464843899,-0.151651098184697,-0.74529698767295,-0.198040985173359,0.806971131345938,0.0100911137837536,-0.0046497501633609,0.105059728556614,-0.062377817954893,-0.047035783194834,0.317417894014981,0.552066312352274,-0.105306297951715,-0.0782759274679356,47.57,0
144253.0,1.96126291959379,0.0733261711921795,-1.92283911297469,1.15633486654145,0.649997021748051,-0.851216248857892,0.637696157361013,-0.311192692577563,0.0854370499952696,0.347249538214342,-1.00969597956282,-0.458834450564457,-1.15221355744823,0.967133526154655,0.498409688963398,-0.228282032354208,-0.431519580116548,-0.302020346598536,-0.402804838081672,-0.212843222167962,0.0512698148884798,0.0344280712935578,0.0567859426942226,0.55540661292677,0.291942241088417,-0.619416936517698,-0.0429413084829719,-0.0456182576048784,60.0,0
43494.0,-1.27813773524814,0.716241580332591,-1.14327922918382,0.217804800631468,-1.29389046969973,-1.16895152511977,-2.56418198278833,0.204532467641239,-1.61115462297744,-1.25028553742691,3.36736102310858,-4.58309584545642,-0.806939683730076,-5.20830522179452,0.525823682164556,-1.81591431259746,-5.24911146794949,-2.19669120679566,2.10905264474381,0.817203155491914,0.490182667533974,0.470427403079725,-0.126261344339209,-0.126644458784455,-0.661907559467122,-0.349792996571914,0.454851068382725,0.137843477172283,24.9,1
120066.0,-7.88058922007512,6.55001947104031,-6.17259100576301,-0.769678926140506,-4.55340776859241,-2.07786828710517,-3.8876515020375,5.69216390379563,0.419513229793527,0.972019151573811,-2.5709144596224,2.44101590922725,0.870907453699893,3.34828900149033,-0.695387775796555,1.25732047369428,1.72351144247259,-0.476355894583179,-0.58234091536175,0.29403519702441,-0.144865305567471,-1.03469303091037,0.828410895420697,-0.017477221290903,0.514838970423832,0.199277830155476,-0.200415048406601,-0.164711361352254,8.99,0
41237.0,-10.2817840384715,6.30238478416897,-13.271718028752,8.92511547634157,-9.97557831146449,-2.83251346361162,-12.7032526593299,6.70684583868978,-7.07842395823848,-12.8056831898117,6.78605830197451,-13.0642398936784,1.1795245105938,-13.694873039573,0.951479176238826,-10.9542857275047,-20.5835927904158,-7.51726213169106,2.87235363605874,-0.247647527731929,2.47941350799644,0.366932842343897,0.0428046480276363,0.478278891799746,0.157770817898023,0.329900959238367,0.163504340964582,-0.485552212695879,118.3,1
79791.0,-1.1476544697586,-0.459087482935449,-0.10782114961339,-1.42722253615887,-2.05960511095445,-0.0004909253613102,-0.85808570355533,0.723137957993413,-2.53994595005036,1.34259810764179,1.0615622420868,-0.155968358589028,0.355634535090608,0.386768390472435,0.236036615554098,-0.3626883129181,0.940209749345441,0.142911113229329,0.515087132721499,-0.972978775929756,-0.228526313394585,-0.142789961639269,0.964922709203626,-0.0367846021965559,-1.46515943287753,-0.602745344838594,-0.181269167964542,-0.0342547248075881,147.0,0
68207.0,-13.1926709562391,12.785970638298,-9.90665002092758,3.32033688288942,-4.80117593230105,5.76005855618556,-18.7508891580107,-37.3534426378925,-0.391539743919107,-5.05250236713858,4.40680552357904,-4.61075647740608,-1.90948796970811,-9.07271093398351,-0.226074450896345,-6.21155748212485,-6.24814535335983,-3.14924669470095,0.0515761185277783,-3.49304991519446,27.2028391573154,-8.88701714094871,5.30360690376998,-0.639434802306313,0.263203123457008,-0.108876929971315,1.26956635541013,0.939407362758877,1.0,1
40649.0,-8.52028611454175,0.781487289804934,-4.96155094468204,-0.139906092424858,-5.03044442147909,-0.378378196305094,0.0057823297823045,3.17800249539704,-0.449005788451181,-0.299144793402371,-0.058227957371395,1.56591605387569,-0.196017645722512,2.91290820369379,-0.059743851714091,2.18679258606021,0.56724465691549,-0.141297030396939,-0.0962186210869751,-1.32681245738807,-0.835001258390424,-1.91167924496439,-2.15016020689098,0.250859771426004,-0.140822398807138,0.523765997568169,1.06416323445028,-1.04619140082443,549.0,0
134059.0,-3.14631053074193,1.59815522722862,-0.963119876857724,-0.404629566766655,-0.100385654559249,0.47258784592327,-0.754145452603433,-2.3619222839889,-0.2268831058923,-1.12591179021339,0.62249647545594,0.833813618032233,-0.506331552449518,-0.577318682914017,-1.32730012797427,0.495109357353055,1.25192902883301,0.687437603303574,0.104855434286224,-1.34140025891563,3.05800794761667,-0.910789962046386,0.137176832822676,0.633244912069756,1.07635587314827,0.732339820561873,-0.392931542519062,-0.388536997763282,39.93,0
58822.0,-4.38422089880268,3.26466481012305,-3.07715801666012,3.40359359659281,-1.93807528041028,-1.2210812776781,-3.3103166090276,-1.11197501012863,-1.97759328056305,-3.28820356526528,2.88609147657536,-6.84897793447677,-1.02923459062256,-7.46010298330266,0.0559060176229105,-4.33478342671028,-9.87456039324105,-3.54190332932228,-0.531558760456647,-0.141533268810834,2.07638272101207,-0.990302787008607,-0.330358452316133,0.158377625833497,0.0063514462492984,-0.493860013315231,-1.53765237842389,-0.994022490842227,45.64,1
114021.0,-2.45195428463566,-0.507951174509222,0.658270849746592,2.58307714774036,2.14697270575236,-0.0807734865305559,1.16425184105511,0.0031920289203211,-2.00593392109617,0.954703036152859,0.410014683878988,-0.208127190341293,-0.298655236974258,0.401310478412584,-1.45470578112333,1.34201918447618,-1.46469159675665,0.368039063342559,-2.02868249078746,-0.460357840282514,0.254133371406803,0.86114212510421,0.783473643567659,0.667332431784894,0.546431399464921,0.0089269726525204,-0.241043409341547,0.495578325668377,113.49,0
141320.0,-6.35233691096656,-2.37033515007664,-4.87539667887196,2.33504453116197,-0.809554897212021,-0.413647316208307,-4.08230817063438,2.23908947335972,-1.98635950470675,-5.16533081830893,2.94293916487767,-4.12572224190365,-0.433094395260294,-3.5181311704857,0.420777387095712,-5.10447983930312,-7.9253889983055,-3.41570671508705,0.71833237368083,0.186898304507656,1.32521840044042,1.22674487561089,-1.4852168616857,-1.47073226048821,-0.240053392971609,0.112972036960476,0.910590643802817,-0.650943712766886,195.66,1
131385.0,0.117571413319777,0.456779941898475,-2.07726555867837,-2.07321978645273,0.408703212129604,-2.27529377127032,0.894539150796412,-0.122748458658977,-1.22202507403438,0.3463425582224,-1.58789220893665,-1.71755705667986,-2.04511687042423,1.01564347982041,-1.42903224005363,0.448351083315567,0.395213672076999,-1.40131926143316,-0.13512823862154,-0.268589807466921,0.698561016962223,1.97164737820014,-0.0638683680788456,0.0858240225672369,-1.04193665794307,-0.126021007081125,0.381035553564423,0.293187700938152,5.0,0
472.0,-3.0435406239976,-3.15730712090228,1.08846277997285,2.2886436183814,1.35980512966107,-1.06482252298131,0.325574266158614,-0.0677936531906277,-0.270952836226548,-0.838586564582682,-0.414575448285725,-0.503140859566824,0.676501544635863,-1.69202893305906,2.00063483909015,0.666779695901966,0.599717413841732,1.72532100745514,0.283344830149495,2.10233879259444,0.661695924845707,0.435477208966341,1.37596574254306,-0.293803152734021,0.279798031841214,-0.145361714815161,-0.252773122530705,0.0357642251788156,529.0,1
59840.0,-3.21538175967748,-0.364223121381638,-1.26188334354906,3.79494903930385,0.71120593031272,-1.31647560298004,-5.16514055601052,0.625278383544947,-1.582300584728,-3.25263359468289,5.04075120270381,-5.31444220386187,-0.656470662006063,-6.23304367078495,0.974771279276835,-6.8903177453801,-9.51641148491956,-4.36412771489086,2.59857755637223,0.0196261688931224,0.40134124079647,0.152191258747201,-0.93467547449829,-0.256148382367333,-0.469403308828214,-0.282495914081921,0.86607691066145,-0.433465943783225,5.91,1
93824.0,-3.63280894927825,5.43726336227612,-9.13652148062595,10.3072263079132,-5.42183029451154,-2.86481514933136,-10.6340876212042,3.01812657999175,-4.89164032107494,-11.2350479111446,8.78878366710272,-18.5536970096458,-0.339533407676443,-15.6231873302985,-0.188978574214972,-12.4279613630565,-20.1590474539227,-6.88889109280947,2.58609321670737,1.35406479520345,2.30988016889674,0.978660126299279,-0.0961301444473713,0.432376722544823,-0.435627929953396,0.65089278643537,1.69360750804844,0.857685371687245,8.54,1
63454.0,1.25763116035728,0.394782992840087,0.317826383902954,0.687931336031195,-0.32366735838701,-1.06083823126013,0.122387495304196,-0.234099797659323,-0.0484086098910509,-0.298140764322713,0.0252223598655566,0.519347544697148,0.760408319055537,-0.39400087996232,1.03521535055366,0.453330442304865,-0.0357679667634357,-0.364943793762711,-0.201928616889467,-0.0475191370900213,-0.281746875841,-0.78584010182002,0.123395688792204,0.359981696966015,0.234342506166345,0.0926642675808137,-0.0194840246580958,0.0318865687047495,1.29,0
100298.0,-22.3418888868038,15.53613332478,-22.8652284959099,7.04337354768731,-14.1831291919342,-0.463144880408286,-28.2151120538009,-14.6077905214735,-9.48145633401495,-20.9491915543611,4.73958247105186,-11.9249546896802,-1.50141102577851,-3.83678146634435,-2.72032883823594,-8.88010567222989,-15.8251362851177,-6.75042522352437,-0.129188144339879,4.10001904830367,-9.11042257588182,4.15889482041313,1.41292844456256,0.38280067392155,0.447153952515532,-0.632816336434319,-4.38015425911661,-0.467862869164174,1.0,1
17220.0,1.18978435670385,0.942289402014327,0.0823341450498769,3.02404970580847,0.412406009418248,-0.214414558479438,0.0535578385040748,-0.110353351082093,0.883797757350066,-0.554223900525873,0.154921008931302,-2.77675657494788,1.6412066261065,-0.45607695680899,-1.24041439240797,0.857322735948866,1.70702446635297,0.526349196477535,-0.865104609842214,-0.143434644974988,-0.502635558485173,-1.04739752764089,-0.0567520238885425,-0.340688404752184,0.541235201259928,-0.0983002868955662,-0.0030411199129353,0.049819020358336,3.79,1
82488.0,-1.61095763088632,0.343248731437284,1.98165588956964,-0.277251841894807,0.0666454755186069,0.260641303367067,0.291752564453357,0.337758417044328,0.0490997852928426,-0.987030310944701,-0.924596727458149,0.709640742330152,1.16155201663698,-0.64561828701373,-0.320177814883068,-0.0411351054414745,-0.210610882107719,-0.535054126869049,-0.747307223461933,-0.156510611680047,0.0984969140786655,0.643071876062567,0.0128531922998204,-0.190896288688247,0.612829027576705,0.452957266400629,-0.298515093697032,-0.292666013319689,53.24,0
161249.0,-0.55822225860499,0.696408629917253,0.25697633616067,-0.671472355284219,1.39495324033134,-0.726450821232113,0.800083018720146,0.0253637862244938,-0.645755930442817,-1.01107191551045,1.04324859491942,0.451038518515395,-0.287945202060003,-0.683252839856076,-0.927236779658337,0.431243132618322,0.213509639406026,0.312755226649793,0.149634268293378,0.0151732556980716,-0.18894462075653,-0.677615800907119,0.0065954009096772,0.667481187646114,-0.410730354428155,0.0996384205828328,0.065933979716395,0.173612640398347,0.99,0
139659.0,2.07798639129972,0.119378781118628,-1.73622196036984,0.410233569351009,0.395577613482309,-0.862747998537532,0.15008031208591,-0.204207927659791,0.574956306185286,-0.36319463047438,-0.702672521522489,-0.142589704949289,-0.436959665343607,-0.745931778480251,0.265176883653768,0.355975100072065,0.48325553931781,-0.227568877290003,0.0763904407601755,-0.186502666125591,-0.373874546879999,-0.996430859025105,0.339141421423173,0.467994470222061,-0.268339299345059,0.176655010039497,-0.0661465359259686,-0.0320523964773074,1.98,0
92839.0,-4.39358486791077,-0.140732441824776,0.42622508265156,-0.0906800815632254,0.703019995509726,-0.440521172396389,0.063790305602369,0.381449817933765,1.63286819309523,0.162202634774167,1.70356453780623,-1.70902264178937,1.52003044437637,1.47948323002185,-1.28166644414597,0.472966336804419,0.182072280944066,-0.0101993223109745,0.533332360555825,-1.38698160458107,-1.12413779343455,-1.39089459104034,1.04692379291901,0.675358943090235,0.560558880240516,-0.242419113437926,-1.02700807385531,-0.408513046067695,7.99,0
107813.0,-0.289586643759031,0.524505956311536,0.960022554980028,-1.04112225319687,-0.184782248763329,-0.735200969218683,0.0575929558433031,-0.153614017768866,2.68156275105396,-1.16800648178658,-0.18788105244864,-2.91010647564033,0.51603458064959,1.47736170379953,0.287829484430558,-0.0843638101959264,0.100761766225006,0.873860172493975,-0.485768844483897,-0.355488152661231,0.197678087101176,0.765426632721736,-0.122697565820492,-0.175694241522202,-0.386462676033326,-0.788350598459893,-0.318276575682477,0.0885297582728772,1.0,0
155359.0,-1.067713272294,5.26231210944906,-8.4385670664835,7.31648729995658,0.0082535729164869,-2.12593631959976,-3.3070357352934,1.86983752340028,-4.52258362448849,-5.17281182346005,5.59112619350265,-5.64041745782421,0.784510038605689,-12.0438056158463,0.353814874886981,-1.92055816814255,-1.87992827944447,0.679751299229409,0.797641375455208,0.821404548671474,0.547789786518153,-0.491959821843257,0.0559141341245579,-1.14536853471475,0.0689513455242996,0.535054734945035,0.539263072143882,0.124255055772618,0.77,1
84204.0,-0.937843305478391,3.46288948991687,-6.44510395393435,4.9321986662268,-2.23398306982245,-2.29156112129773,-5.69559392853253,1.33882463362261,-4.32237655329329,-8.0991193981365,7.18296700883659,-9.44594338249901,-0.314619967520224,-12.9914655817567,-0.136358931959623,-6.36752437517144,-12.7343938853776,-3.84512965889743,1.00766725992114,1.12953228130351,1.06655024941577,-0.521657289347299,-0.319917292909547,-0.405859088093617,0.906802159957716,1.16578389011737,1.37449533233535,0.729889341911333,0.0,1
73427.0,0.821770066416406,-1.16707096993814,1.10409092532983,0.84630621087851,-1.32119873488786,0.826703343762093,-0.847338934706544,0.308894284453396,-0.457379371432457,0.629060742933731,0.808713543547448,1.27956605034261,0.571226760495676,-0.438771805612946,-1.08266484693556,-1.75749548967175,0.221037594366057,1.0582402741954,-0.921003219684493,-0.183937850835954,-0.348491265135108,-0.655973480509494,-0.0460840283008134,0.0021862372717576,0.167376549488141,-0.447583195175176,0.0787990551788784,0.0597183328168464,189.07,0
70297.0,1.48356072747776,-1.09190956312145,0.500128125205133,-1.69000518326495,-1.08957865777586,0.481505757135962,-1.38062470343173,0.132328248698106,-1.97646917345822,1.52218558971685,0.862495093775859,0.208656568869832,1.78129843898916,-0.553825039992753,0.323824734613097,-0.0600938528805147,0.0348258803681207,0.479611982172622,-0.204884216588221,-0.252454843103741,-0.026029419714875,0.414145954073049,-0.0942628130191451,-0.785162416999273,0.389064212930478,-0.0427886170280638,0.072276973665094,0.0066546519236489,6.0,0
50339.0,1.04043566024268,-2.56293777497305,-0.0826397273778955,-1.77023597702164,-0.214228313261107,4.64589883758505,-2.32743957031676,1.18800661286088,-0.322492550380805,0.968787177431409,-1.30738769887891,-0.451961692768006,0.2692001363461,-1.51613722579176,-1.76485043730991,-0.773550701294434,0.80842706685424,0.377900007254752,0.664707451716254,0.188849309442092,-0.17163723622236,-0.241402307208293,-0.250644905856685,1.05009583340476,0.481477683770599,-0.0344470872989873,0.0799365172430383,0.06319441015903,224.4,0
121247.0,1.83899913293896,0.0763216957008687,-0.71431640996022,1.55320043172719,-0.217961449899325,-0.672286731035176,-0.158583649715781,-0.107688689213844,0.689858507160291,-0.389302099314316,-0.354207490343065,0.592202470005572,0.723754780322966,-1.33564228720385,0.512802461278744,0.646770917072192,0.32202532349246,0.15102955686332,-0.696425020615296,-0.0810382265289177,-0.238885788243836,-0.627521231750214,0.323033280974251,-0.176684068605448,-0.393143875807052,-0.984917796709901,0.0667460748408434,0.0117936873646897,56.4,0
159735.0,-1.03051003673256,1.15423602628326,-0.268864127783274,0.696678332332391,1.36673921623822,-0.288786067051895,1.38603091512791,-0.548325756713616,-0.187892465798508,1.10181221343893,0.223078989956677,-0.0140327426756912,-0.910373476218203,0.336667730311815,-0.798871051924119,-0.967849076185615,-0.358794462325724,0.278152922644637,1.30627351524822,-0.261225893225095,0.0793604187708239,0.702742106731294,-0.158641601970663,-0.548309962481319,0.0105805095008132,-0.445277409711191,-0.431425180190249,-0.0464340141863595,4.73,0
152058.0,-3.57636177773708,3.29943622098785,-7.46043319687438,7.78363417666419,-0.398548657536885,-1.96844144838725,-3.11047619254795,-0.328403695377149,-1.57436284547485,-2.49756054724841,4.60417047790948,-9.0019148555682,-1.27632400546329,-13.9694706254616,1.25694535316357,-4.49162922501012,-5.96998693103967,-1.27466622002178,1.14778361222539,-0.181455201194929,0.540730752300116,0.719526342466937,0.379248749413946,-0.616961860032022,-0.44281081400968,0.359840688732324,-2.65182487459349,0.422184391599186,1.0,1
41147.0,-5.31417320646342,4.14594361146639,-8.53252245892907,8.34439167363678,-5.71800820787464,-3.04353608094129,-10.9891846672722,3.40412865609659,-6.16723364181153,-11.435623996076,7.67453383416429,-14.2960914258331,0.526938923712363,-15.4450258118019,0.991651201275811,-12.3913460034009,-22.5416517287861,-7.98672065349455,2.99255446334225,1.15001731865814,2.33146580801509,0.862996305559532,-0.614453237551036,0.523647877136623,-0.712593271662611,0.324637964828057,2.24509146635599,0.497320848969724,88.23,1
125557.0,-1.42255042020387,1.20586655020713,-0.745642098633065,-1.14875855947392,1.02696311486296,1.7564435630316,-0.16165466590179,1.58438293106709,-0.423978994921924,-0.640730307087679,0.857798393587357,0.66272224260956,-1.16773325422305,1.24164651141002,0.124596010501685,-0.80278001236049,0.804259699085911,-1.79099422768401,-1.12742079772975,-0.243003107171897,-0.0445962129662467,-0.150628244719035,0.236009990054311,-1.03513437528765,-0.824650682061537,0.24531863396667,0.269484716711319,0.132466202461553,13.99,0
47993.0,-1.80157424315021,-0.510404279548875,1.73806784438926,1.70409504633148,0.172068641093109,0.320768741421552,1.21370219220372,0.342505381377833,-1.17292432039548,-0.209587409514443,0.807341640893815,-0.267218814187027,-1.90072340890582,0.54037392190728,-1.20813052173259,0.553670784836636,-0.464552517894682,-0.195205147387111,-1.56398182103718,0.528991022267869,0.162373262043089,-0.405596973386868,0.744825963739547,0.0961162215139017,0.0902584553339905,-0.314404507689896,-0.0763744234997261,0.122440465356917,310.0,0
8408.0,-1.81328048476897,4.91785071056565,-5.92612969400656,5.70150043141163,1.20439257214362,-3.03513754815611,-1.71340206347108,0.561257390902032,-3.79635425171163,-7.45484065078351,7.38805512292025,-10.4752286504099,-0.379314526756117,-11.7367291212569,-2.08698895215593,-2.44235398293755,-3.53552351168246,0.130360306640887,-2.07145048844325,0.576656033332069,0.615641835107552,-0.4064272753179,-0.73701807643754,-0.279641772215917,1.1067663744335,0.323885477719453,0.894766671515833,0.569518600269514,1.0,1
168260.0,-1.29015543778342,-0.929509569221261,0.418924296967188,-0.778817647486612,2.66157407326271,1.16895233105009,-0.18432025910584,0.325974883488481,0.336768548823117,-0.392963103806228,-0.644382943998,-0.368511224474657,-0.962955615555547,0.0061862446492821,0.903076072389093,-2.01116381646751,1.28934288103596,-2.15064903226498,-0.136956045506876,-0.077924951965324,0.19139423319035,0.966391974042984,-0.330564185758344,-0.879753332333663,-0.191272023540132,1.69819856505474,-0.190981215232152,-0.052556294000072,12.0,0
168732.0,-3.21471000344544,3.25826487269735,-4.09877506658507,0.338170903384887,-1.11024457241205,-1.97355001914318,-1.35476830261668,2.42394056833562,-0.921945545999372,-2.43486116953767,-0.966050358243434,0.906317035941205,1.14140019502261,-0.780233787927199,0.599226875875769,1.42035176660597,2.85314788494844,1.63978521029668,-0.433398231766122,-0.750154898179246,0.547815158333437,0.659310199907647,-0.0015968615740021,-0.298624233395948,-0.215806055262926,-0.202639382252901,-1.24010640959323,-0.311067983254694,1.0,0
150739.0,-0.865525495404455,0.765737914104163,-0.963221201286411,1.15297148014498,1.48148085280054,-1.80637253640669,0.880072808012246,-0.0213401681234202,-1.18173929270226,0.0135585353159961,-0.934411822643809,0.406347303517772,0.74661586433891,1.03435829774927,0.160573489320394,-0.875133181141075,0.0183902052448793,-0.153004639842036,0.512194419510897,0.232630925671514,0.411014758458285,1.03399631277239,-0.205121467864308,0.0983018726396391,-0.295960711757913,-0.39719002611979,0.376232780916424,0.0896251727577567,3.6,0
43249.0,-2.24030460659285,-1.09861191470926,1.73522034269555,-0.70044200948322,1.77237574606905,-1.58282535607623,-0.423940705947394,0.0496502474703902,-0.492298045816059,-0.415104410699191,1.02507773629502,0.699498615870918,0.270477307252668,0.203967001399274,-0.0074925640279628,0.737551439175114,-0.90893697320573,0.16553814491085,0.0544527058332033,-0.0415932333471085,-0.0458402045882112,-0.343094736753818,-0.287061613602856,0.0776263011356053,0.24507222648445,0.829576421472776,-0.125813226909356,0.150823261563533,35.97,0
37007.0,1.1601116923664,0.179875354743501,0.597929442574171,0.500021673303041,-0.306693017457009,-0.307143965759015,-0.0928135070315989,0.0488830419934021,-0.280737021672318,0.0493480659998722,1.94106950739103,1.3804291871092,0.494409248363884,0.412872587378724,0.53333570774238,0.132257730528683,-0.339463418129521,-0.60167338478505,-0.266838551087607,-0.100105834768409,-0.161032921923684,-0.453797920876573,0.174951732245191,0.227653120700724,0.0981030796154354,0.0931123880122894,-0.0140328015118941,0.0081832886699596,1.78,0
37037.0,0.969683637493573,-0.442745202732684,1.004655619256,0.459686375347211,-0.0784490869747953,2.23651916269916,-1.07268959104982,0.843642452466984,0.689642342249838,-0.260503394693049,1.61670999856317,1.34760395074214,-0.149224884028432,-0.0905679172266907,0.62232637596012,-0.807261107746987,0.665610628488982,-1.56677805767771,-1.17895703875346,-0.216719016055971,0.0586428912328434,0.469986863790676,0.104408235269372,-1.31119086620124,-0.051075149239238,0.448486753179346,0.0830659337956387,-0.0007954361760573,11.5,0
127996.0,1.87837937914837,0.287728507762692,-0.0650408855222996,3.67427123733771,0.149212939756516,0.769300159934435,-0.473873005022008,0.148542931962896,-0.449980692977377,1.37412828322087,-1.5177051888038,-0.0226449117069132,0.887030523349384,-0.361848947257346,-0.397049540935688,1.33088720302028,-1.15640165461212,0.192260588680918,-1.71711111014148,-0.164404548103497,0.249968852980471,0.784522333175444,0.116847625091756,0.478450476437292,-0.0936229143600007,0.0810330071946701,0.0080446248272031,-0.0249487891467752,19.95,0
122469.0,1.80883446689686,-1.33302991313916,-0.556547587163047,-0.165514795366246,-1.38838350489449,-0.731744451561169,-0.663268063765026,-0.0923207644035894,0.479492458237084,0.517942234205579,-1.29822433408161,-0.450946862664921,-0.990599001891926,0.196414683954648,0.730369205207688,-1.36491222233253,-0.205982320438641,1.37324461883133,-0.766320229390042,-0.424836977752775,-0.503475609296267,-1.23412738581758,0.331022378591628,-0.161603558729256,-0.565928688428572,-0.989280794639714,0.0435805143461996,9.28601235991589e-06,158.94,0
26931.0,-22.5616992591298,13.2089042844176,-24.6438187771226,6.23253182330679,-16.905611362323,-4.49743871970001,-16.8101841919321,14.9551067734604,-3.87129682308601,-8.58126551626339,5.25698760960799,-7.39361499215009,0.538800829120431,-7.57755201800709,-0.030725531904052,-6.45478323655342,-12.8456565242928,-4.86591773720169,1.06244185030067,1.62144422472126,1.76598663639159,-1.6355166467436,-0.998316503452087,0.138972227361725,1.55935014018173,-0.22212451669,1.5044246600224,0.445919826109776,99.99,1
43868.0,-3.12800208817632,-0.92298711581649,1.0359974407141,2.12414655549205,0.334818446898432,-0.147921867713965,-0.611111951458399,0.829814911261664,-0.649176374940798,0.0547317124834242,-0.0190185159288784,0.79155203442705,0.111469772716067,0.156933682478608,-1.67760384560996,1.17768915707283,-0.77794220756427,0.586646951507829,-1.04966878556196,-0.278215066684309,0.279687086978421,0.471155105178826,-0.936303970508381,0.110328537064886,-0.399089451011261,-0.153773698549281,-0.300098584560295,-0.660282725627528,45.6,0
42497.0,1.28620873732046,-0.824774245853075,0.829653115339722,-0.85897109655106,-1.1423453894583,0.251987197723958,-1.21333126131036,0.254026257249307,-0.600934316075571,0.735048392073043,1.26342589632468,-0.106833808443645,0.0087743891066347,-0.18885130230247,0.720076918121798,1.492539511339,-0.0204729238907364,-0.665697090520837,0.275401369452703,0.0906266090488078,0.444080682054128,1.19521031566017,-0.133938531118242,-0.258744981962178,0.35458750288816,-0.0176266426536805,0.0455872111223066,0.0107401953428238,24.99,0
72459.0,-2.35802436991892,-1.10594030136992,2.86885814991017,1.61877115189879,-0.292532333527695,1.45179731161099,-1.78931725568686,1.47266620714464,0.919481495001373,-0.764693902198289,0.361144599057768,1.292125887143,-0.570568152343467,-0.572922332941322,-1.30677882319293,-1.06147767405447,1.08673565881694,0.0455521791039023,0.478002697292268,0.506707594243623,0.396537787426195,1.06598976191496,-0.213293833608333,-0.225532453514698,0.317105919637558,0.0659265172113829,0.335831779633519,-0.144251188480503,59.19,0
139767.0,0.467991939825149,1.1001181155631,-5.60714499999017,2.20471352581391,-0.578538842835423,-0.174199760931247,-3.45420147180469,1.10282268929697,-1.06501551547524,-5.41603688884657,4.49792897288062,-5.01960988798824,-1.01969120130359,-7.91498900748283,0.669648023350281,-4.47201433366572,-5.8569977597527,-2.2431779037749,-0.17381402447058,0.589574721718141,0.983480729453912,0.899876105807612,-0.285103424654105,-1.92971710448514,0.319868526124677,0.170636428415686,0.851798305715368,0.372098282227753,120.54,1
136077.0,1.51809209267574,-1.16892899603406,-0.501070203522934,0.423644969195213,-0.987064822705494,-0.485897779941701,-0.244991136933286,-0.180308268887698,1.30922843355112,-0.365651309610517,-0.697178146701528,1.13791932279308,1.34313570837842,-0.394524887464284,0.45020015950925,0.0104481828639878,-0.459117516489207,-0.0683560703407247,-0.283476960368602,0.353734727237829,0.345575323983271,0.770516633318948,-0.084246873846246,0.0756976277923805,-0.233580300602276,0.0985108606494599,-0.01849321344344,0.0022701824459729,250.0,0
26585.0,-19.8563223334433,12.0958932259299,-22.4640827464876,6.11554110191771,-15.1480215209615,-4.34672408349599,-15.6485074722661,13.2768048056341,-3.97416161954102,-8.85919405880884,5.73081553744459,-8.08803351213651,0.230824969324902,-8.57897327333454,0.000946636693186,-6.94774606726094,-13.4728970076501,-4.94021082886802,1.23014255193802,1.58292955492187,1.75072984045421,-1.40963570908141,-0.809809278333882,0.121396659905885,1.35030007077468,-0.224291873525585,1.59762136835254,0.476919818025438,99.99,1
66824.0,1.18522840353998,0.363214709878948,0.413729295049469,1.25102810394957,-0.243934727712187,-0.836648409088356,0.250599725570382,-0.277617181030656,-0.207836361350611,0.016626016130892,-0.202724924395813,0.841576639994705,1.30746499915947,0.0821019326648068,0.80166316996888,0.0935786258501792,-0.544100655761678,-0.219405951764741,-0.491707236861231,-0.0082139220309672,0.100372869253904,0.342841533971318,-0.146701173443518,0.437886730215685,0.70710572504098,-0.28804303674423,0.021623763641022,0.0293143515026394,29.99,0
133035.0,2.02206058690165,-1.76387511263629,-0.817261152236991,-1.57314906394329,-1.33375130008895,-0.210940944546421,-1.12068156106733,-0.12660671684749,-1.47059316868546,1.6229940846,0.586113883206981,0.487523017772376,1.71662747329079,-0.58936370938393,-0.819739778949514,-0.232058911526311,0.0364758523592251,0.413363932022736,0.100279416640169,-0.0952218158362272,-0.0249493313768598,0.224781206075509,0.0839049580380766,-0.445308444276849,-0.277327575951289,-0.182879520135723,0.0110245228311496,-0.0354841957953556,136.0,0
147939.0,1.98424079613247,0.115782732788196,-1.65912745028773,0.440728145408658,0.174925629032737,-1.16745403934305,0.153436322285011,-0.217630193318173,0.358445352173547,-0.308374592076621,1.4356985527259,0.676843718998002,-0.338103645201887,-0.473259670913405,0.265013410133106,0.327666392410403,0.246406641809035,0.908694593484483,-0.247638101717515,-0.203358871932845,0.260785208457571,0.869906433060594,-0.0198459605994337,-0.0517545677617219,0.186102461790931,-0.121078973977355,-0.0058945221885278,-0.0401309730415046,11.3,0
